Tue Aug 06 2019 17:00:26 GMT+0100 (British Summer Time),liz,/me,ERROR,null
Tue Aug 06 2019 17:00:26 GMT+0100 (British Summer Time),favicon.ico,/,ERROR,[object Object]
Fri Aug 16 2019 13:19:31 GMT+0100 (British Summer Time),liz,/me,ERROR,null
Fri Aug 16 2019 13:19:31 GMT+0100 (British Summer Time),favicon.ico,/,ERROR,[object Object]
Fri Aug 16 2019 13:20:32 GMT+0100 (British Summer Time),liz,/me,ERROR,null
Fri Aug 16 2019 13:20:35 GMT+0100 (British Summer Time),favicon.ico,/,ERROR,[object Object]
Fri Aug 16 2019 13:24:48 GMT+0100 (British Summer Time),liz,/me,ERROR,null
Fri Aug 16 2019 13:24:48 GMT+0100 (British Summer Time),favicon.ico,/,ERROR,[object Object]
Fri Aug 16 2019 13:26:34 GMT+0100 (British Summer Time),liz,/me,ERROR,null
Fri Aug 16 2019 13:26:34 GMT+0100 (British Summer Time),favicon.ico,/,ERROR,[object Object]
Fri Aug 16 2019 13:43:31 GMT+0100 (British Summer Time),liz,/me,ERROR,TypeError: Cannot read property 'message' of null
Fri Aug 16 2019 13:43:31 GMT+0100 (British Summer Time),favicon.ico,/,ERROR,[object Object]
Fri Aug 16 2019 13:46:08 GMT+0100 (British Summer Time),liz,/me,ERROR,TypeError: Cannot read property 'message' of null
Fri Aug 16 2019 13:46:08 GMT+0100 (British Summer Time),favicon.ico,/,ERROR,[object Object]
Fri Aug 16 2019 13:46:26 GMT+0100 (British Summer Time),liz,/me,ERROR,TypeError: Cannot read property 'message' of null
Fri Aug 16 2019 13:47:10 GMT+0100 (British Summer Time),liz,/me,ERROR,TypeError: Cannot read property 'message' of null
Fri Aug 16 2019 13:49:13 GMT+0100 (British Summer Time),liz,/me,ERROR,TypeError: Cannot read property 'message' of null
Fri Aug 16 2019 13:50:02 GMT+0100 (British Summer Time),liz,/me,ERROR,TypeError: Cannot read property 'message' of null
Fri Aug 16 2019 13:51:41 GMT+0100 (British Summer Time),liz,/me,ERROR,Cannot read property 'message' of null
Fri Aug 16 2019 14:00:01 GMT+0100 (British Summer Time),liz,/me,ERROR,Cannot read property 'message' of null
Fri Aug 16 2019 14:03:35 GMT+0100 (British Summer Time),liz,/me,ERROR,Cannot read property 'message' of null
Sat Aug 17 2019 15:12:59 GMT+0100 (British Summer Time),liz,/me,ERROR,CompactToken parsing failed with error code: 80049217
Sat Aug 17 2019 15:15:13 GMT+0100 (British Summer Time),token,/me,ERROR,Cannot read property 'message' of null
Sat Aug 17 2019 15:17:10 GMT+0100 (British Summer Time),token,/me,ERROR,Cannot read property 'message' of null
Sat Aug 17 2019 15:19:27 GMT+0100 (British Summer Time),token,/me,ERROR,Cannot read property 'message' of null
Sat Aug 17 2019 15:24:55 GMT+0100 (British Summer Time),token,/me,ERROR,Cannot read property 'message' of null
Sat Aug 17 2019 16:06:34 GMT+0100 (British Summer Time),token,/me,ERROR,Cannot read property 'message' of null
Sat Aug 17 2019 16:08:10 GMT+0100 (British Summer Time),token,/me,ERROR,Cannot read property 'message' of null
Sat Aug 17 2019 16:15:59 GMT+0100 (British Summer Time),token,/me,ERROR,undefined
Sat Aug 17 2019 16:16:10 GMT+0100 (British Summer Time),token,/me,ERROR,undefined
Sat Aug 17 2019 16:41:13 GMT+0100 (British Summer Time),token,/me,VALID,undefined
Sun Aug 18 2019 12:16:53 GMT+0100 (British Summer Time),token,/me,ERROR,CompactToken parsing failed with error code: 80049217
Sun Aug 18 2019 12:16:53 GMT+0100 (British Summer Time),ignore_me,favicon,ERROR,CompactToken parsing failed with error code: 80049217
Sun Aug 18 2019 12:23:47 GMT+0100 (British Summer Time),token,/me,ERROR,CompactToken parsing failed with error code: 80049217
Sun Aug 18 2019 12:23:47 GMT+0100 (British Summer Time),ignore_me,favicon,ERROR,CompactToken parsing failed with error code: 80049217
Sun Aug 18 2019 14:07:04 GMT+0100 (British Summer Time),token,/me,ERROR,CompactToken parsing failed with error code: 80049217
Sun Aug 18 2019 14:07:04 GMT+0100 (British Summer Time),ignore_me,favicon,ERROR,CompactToken parsing failed with error code: 80049217
Sun Aug 18 2019 14:08:33 GMT+0100 (British Summer Time),token,/me,ERROR,CompactToken parsing failed with error code: 80049217
Sun Aug 18 2019 14:08:33 GMT+0100 (British Summer Time),ignore_me,favicon,ERROR,CompactToken parsing failed with error code: 80049217
Mon Aug 19 2019 12:58:19 GMT+0100 (British Summer Time),/token/me,ERROR,
Mon Aug 19 2019 12:58:19 GMT+0100 (British Summer Time),/favicon.ico,ERROR,
Tue Aug 20 2019 17:16:55 GMT+0100 (British Summer Time),Error,ERROR,Error in exchanging code for token. {"error":"invalid_request","error_description":"AADSTS900144: The request body must contain the following parameter: 'grant_type'.\r\nTrace ID: 3d5a2b98-65b5-40b0-a651-1d0b4c15a300\r\nCorrelation ID: c14bf49b-2446-4cf6-a91c-056d1ed5ea0d\r\nTimestamp: 2019-08-20 16:16:55Z","error_codes":[900144],"timestamp":"2019-08-20 16:16:55Z","trace_id":"3d5a2b98-65b5-40b0-a651-1d0b4c15a300","correlation_id":"c14bf49b-2446-4cf6-a91c-056d1ed5ea0d","error_uri":"https://login.microsoftonline.com/error?code=900144"}
Tue Aug 20 2019 17:18:55 GMT+0100 (British Summer Time),Error,ERROR,Error in obtaining data. {
  "error": {
    "code": "InvalidAuthenticationToken",
    "message": "CompactToken parsing failed with error code: 80049217",
    "innerError": {
      "request-id": "ce415ab5-6ea7-4598-a4e1-ada4aaaf3532",
      "date": "2019-08-20T16:18:55"
    }
  }
}
Tue Aug 20 2019 17:18:55 GMT+0100 (British Summer Time),Error,ERROR,Error in obtaining data. {
  "error": {
    "code": "InvalidAuthenticationToken",
    "message": "CompactToken parsing failed with error code: 80049217",
    "innerError": {
      "request-id": "fa947b6f-199a-4a3b-83c4-a2dacdd45ae5",
      "date": "2019-08-20T16:18:55"
    }
  }
}
Tue Aug 20 2019 17:21:05 GMT+0100 (British Summer Time),Error,ERROR,Error in exchanging code for token. {"error":"invalid_request","error_description":"AADSTS900144: The request body must contain the following parameter: 'grant_type'.\r\nTrace ID: b493cb00-6885-436f-a641-9a5d9447a700\r\nCorrelation ID: 044e9af6-d862-44ea-b221-64877fc4d344\r\nTimestamp: 2019-08-20 16:21:05Z","error_codes":[900144],"timestamp":"2019-08-20 16:21:05Z","trace_id":"b493cb00-6885-436f-a641-9a5d9447a700","correlation_id":"044e9af6-d862-44ea-b221-64877fc4d344","error_uri":"https://login.microsoftonline.com/error?code=900144"}
Tue Aug 20 2019 17:21:05 GMT+0100 (British Summer Time),Error,ERROR,No favicon
Tue Aug 20 2019 17:25:23 GMT+0100 (British Summer Time),Error,ERROR,Error in exchanging code for token. {"error":"invalid_request","error_description":"AADSTS900144: The request body must contain the following parameter: 'grant_type'.\r\nTrace ID: e3b35e69-a22d-4dd5-a12b-3cc945033800\r\nCorrelation ID: 38b3e787-bb19-4389-ae20-79d434ff4b20\r\nTimestamp: 2019-08-20 16:25:23Z","error_codes":[900144],"timestamp":"2019-08-20 16:25:23Z","trace_id":"e3b35e69-a22d-4dd5-a12b-3cc945033800","correlation_id":"38b3e787-bb19-4389-ae20-79d434ff4b20","error_uri":"https://login.microsoftonline.com/error?code=900144"}
Tue Aug 20 2019 17:25:23 GMT+0100 (British Summer Time),Error,ERROR,No favicon
Tue Aug 20 2019 17:28:49 GMT+0100 (British Summer Time),Error,ERROR,Error in exchanging code for token. {"error":"invalid_request","error_description":"AADSTS900144: The request body must contain the following parameter: 'grant_type'.\r\nTrace ID: 242360b3-bf53-422f-b949-e3e5021ebc00\r\nCorrelation ID: 0d44a752-70a7-4f25-b5fa-72c2897f3c08\r\nTimestamp: 2019-08-20 16:28:48Z","error_codes":[900144],"timestamp":"2019-08-20 16:28:48Z","trace_id":"242360b3-bf53-422f-b949-e3e5021ebc00","correlation_id":"0d44a752-70a7-4f25-b5fa-72c2897f3c08","error_uri":"https://login.microsoftonline.com/error?code=900144"}
Tue Aug 20 2019 17:28:49 GMT+0100 (British Summer Time),Error,ERROR,No favicon
Tue Aug 20 2019 17:29:24 GMT+0100 (British Summer Time),Error,ERROR,Error in obtaining data. {
  "error": {
    "code": "InvalidAuthenticationToken",
    "message": "CompactToken parsing failed with error code: 80049217",
    "innerError": {
      "request-id": "26238f3b-bc08-40e3-bf9f-5c5862a822d4",
      "date": "2019-08-20T16:29:24"
    }
  }
}
Tue Aug 20 2019 17:29:24 GMT+0100 (British Summer Time),Error,ERROR,No favicon
Tue Aug 20 2019 17:29:28 GMT+0100 (British Summer Time),Error,ERROR,Error in exchanging code for token. {"error":"invalid_request","error_description":"AADSTS900144: The request body must contain the following parameter: 'grant_type'.\r\nTrace ID: 2bfd0efc-d146-47c5-8e50-2a318d8e3400\r\nCorrelation ID: abaca322-db15-4936-a3af-4267b4e24999\r\nTimestamp: 2019-08-20 16:29:28Z","error_codes":[900144],"timestamp":"2019-08-20 16:29:28Z","trace_id":"2bfd0efc-d146-47c5-8e50-2a318d8e3400","correlation_id":"abaca322-db15-4936-a3af-4267b4e24999","error_uri":"https://login.microsoftonline.com/error?code=900144"}
Tue Aug 20 2019 17:29:28 GMT+0100 (British Summer Time),Error,ERROR,No favicon
Tue Aug 20 2019 17:30:44 GMT+0100 (British Summer Time),Error,ERROR,Error in obtaining data. {
  "error": {
    "code": "InvalidAuthenticationToken",
    "message": "CompactToken parsing failed with error code: 80049217",
    "innerError": {
      "request-id": "29044191-ccaf-4bb5-b18e-e0505574a913",
      "date": "2019-08-20T16:30:44"
    }
  }
}
Tue Aug 20 2019 17:30:44 GMT+0100 (British Summer Time),Error,ERROR,No favicon
Tue Aug 20 2019 17:40:18 GMT+0100 (British Summer Time),Error,ERROR,Code not found in url.
Tue Aug 20 2019 17:40:18 GMT+0100 (British Summer Time),Error,ERROR,No favicon
Tue Aug 20 2019 17:40:38 GMT+0100 (British Summer Time),Error,ERROR,No favicon
Tue Aug 20 2019 17:40:41 GMT+0100 (British Summer Time),Error,ERROR,Code not found in url.
Tue Aug 20 2019 17:40:41 GMT+0100 (British Summer Time),Error,ERROR,No favicon
Tue Aug 20 2019 17:41:23 GMT+0100 (British Summer Time),Error,ERROR,No favicon
Tue Aug 20 2019 17:41:26 GMT+0100 (British Summer Time),Error,ERROR,Code not found in url.
Tue Aug 20 2019 17:41:26 GMT+0100 (British Summer Time),Error,ERROR,No favicon
Tue Aug 20 2019 17:43:48 GMT+0100 (British Summer Time),Error,ERROR,TypeError: parsedUrl.eval is not a function
Tue Aug 20 2019 17:43:48 GMT+0100 (British Summer Time),Error,ERROR,No favicon
Tue Aug 20 2019 17:44:49 GMT+0100 (British Summer Time),Error,ERROR,No favicon
Tue Aug 20 2019 17:44:51 GMT+0100 (British Summer Time),Error,ERROR,Code not found in url.
Tue Aug 20 2019 17:44:51 GMT+0100 (British Summer Time),Error,ERROR,No favicon
Tue Aug 20 2019 17:45:57 GMT+0100 (British Summer Time),Error,ERROR,No favicon
Tue Aug 20 2019 17:45:59 GMT+0100 (British Summer Time),Error,ERROR,Error in exchanging code for token. {"error":"invalid_request","error_description":"AADSTS900144: The request body must contain the following parameter: 'grant_type'.\r\nTrace ID: c7b97c1c-5eac-4f35-8bdb-9459674db500\r\nCorrelation ID: a46df0a8-570f-43c6-8e4b-f28de89b0f33\r\nTimestamp: 2019-08-20 16:45:59Z","error_codes":[900144],"timestamp":"2019-08-20 16:45:59Z","trace_id":"c7b97c1c-5eac-4f35-8bdb-9459674db500","correlation_id":"a46df0a8-570f-43c6-8e4b-f28de89b0f33","error_uri":"https://login.microsoftonline.com/error?code=900144"}
Tue Aug 20 2019 17:45:59 GMT+0100 (British Summer Time),Error,ERROR,No favicon
Thu Aug 22 2019 11:11:56 GMT+0100 (British Summer Time),Error,ERROR,No favicon
Thu Aug 22 2019 11:11:59 GMT+0100 (British Summer Time),Error,ERROR,Error in exchanging code for token. {"error":"invalid_request","error_description":"AADSTS900144: The request body must contain the following parameter: 'grant_type'.\r\nTrace ID: 5f8d28c7-64e8-4db3-91de-0690d2fa1400\r\nCorrelation ID: 7e5967c4-4b4c-448b-9e73-c4d895e11609\r\nTimestamp: 2019-08-22 10:11:59Z","error_codes":[900144],"timestamp":"2019-08-22 10:11:59Z","trace_id":"5f8d28c7-64e8-4db3-91de-0690d2fa1400","correlation_id":"7e5967c4-4b4c-448b-9e73-c4d895e11609","error_uri":"https://login.microsoftonline.com/error?code=900144"}
Thu Aug 22 2019 11:11:59 GMT+0100 (British Summer Time),Error,ERROR,No favicon
Thu Aug 22 2019 11:39:07 GMT+0100 (British Summer Time),Error,ERROR,No favicon
Thu Aug 22 2019 11:39:10 GMT+0100 (British Summer Time),Error,ERROR,Error in obtaining data. {
  "error": {
    "code": "InvalidAuthenticationToken",
    "message": "CompactToken parsing failed with error code: 80049217",
    "innerError": {
      "request-id": "9bed1f41-0eba-4899-9e83-498692bdb76d",
      "date": "2019-08-22T10:39:10"
    }
  }
}
Thu Aug 22 2019 11:39:10 GMT+0100 (British Summer Time),Error,ERROR,No favicon
Thu Aug 22 2019 11:47:01 GMT+0100 (British Summer Time),Error,ERROR,No favicon
Thu Aug 22 2019 11:47:03 GMT+0100 (British Summer Time),Error,ERROR,Error in obtaining data. {
  "error": {
    "code": "InvalidAuthenticationToken",
    "message": "CompactToken parsing failed with error code: 80049217",
    "innerError": {
      "request-id": "4e13521c-aade-4193-a6af-ea224e379b7f",
      "date": "2019-08-22T10:47:03"
    }
  }
}
Thu Aug 22 2019 11:47:03 GMT+0100 (British Summer Time),Error,ERROR,No favicon
Thu Aug 22 2019 11:48:20 GMT+0100 (British Summer Time),Error,ERROR,No favicon
Thu Aug 22 2019 11:48:24 GMT+0100 (British Summer Time),Error,ERROR,No favicon
Thu Aug 22 2019 11:48:26 GMT+0100 (British Summer Time),Error,ERROR,Error in obtaining data. {
  "error": {
    "code": "InvalidAuthenticationToken",
    "message": "CompactToken parsing failed with error code: 80049217",
    "innerError": {
      "request-id": "a8761dfe-bf29-443c-bc9f-8dadcad70aad",
      "date": "2019-08-22T10:48:26"
    }
  }
}
Thu Aug 22 2019 11:48:26 GMT+0100 (British Summer Time),Error,ERROR,No favicon
Thu Aug 22 2019 11:52:07 GMT+0100 (British Summer Time),Error,ERROR,No favicon
Thu Aug 22 2019 11:52:09 GMT+0100 (British Summer Time),Error,ERROR,No favicon
Thu Aug 22 2019 11:52:11 GMT+0100 (British Summer Time),Error,ERROR,Error in obtaining data. {
  "error": {
    "code": "InvalidAuthenticationToken",
    "message": "CompactToken parsing failed with error code: 80049217",
    "innerError": {
      "request-id": "d115ef0d-b57b-4e36-a9e2-90420426795c",
      "date": "2019-08-22T10:52:11"
    }
  }
}
Thu Aug 22 2019 11:52:11 GMT+0100 (British Summer Time),Error,ERROR,No favicon
Thu Aug 22 2019 11:54:31 GMT+0100 (British Summer Time),Error,ERROR,No favicon
Thu Aug 22 2019 11:54:36 GMT+0100 (British Summer Time),Error,ERROR,Error in obtaining data. {
  "error": {
    "code": "InvalidAuthenticationToken",
    "message": "CompactToken parsing failed with error code: 80049217",
    "innerError": {
      "request-id": "06f9d627-066e-4a19-a26c-dbbed7851a09",
      "date": "2019-08-22T10:54:36"
    }
  }
}
Thu Aug 22 2019 11:54:36 GMT+0100 (British Summer Time),Error,ERROR,No favicon
Thu Aug 22 2019 11:59:18 GMT+0100 (British Summer Time),Error,ERROR,No favicon
Thu Aug 22 2019 12:00:11 GMT+0100 (British Summer Time),Error,ERROR,No favicon
Thu Aug 22 2019 12:05:04 GMT+0100 (British Summer Time),Error,ERROR,No favicon
Thu Aug 22 2019 12:07:22 GMT+0100 (British Summer Time),Error,ERROR,No favicon
Thu Aug 22 2019 12:09:30 GMT+0100 (British Summer Time),Error,ERROR,No favicon
Thu Aug 22 2019 12:10:22 GMT+0100 (British Summer Time),Error,ERROR,No favicon
Thu Aug 22 2019 12:11:37 GMT+0100 (British Summer Time),Error,ERROR,No favicon
Thu Aug 22 2019 12:12:17 GMT+0100 (British Summer Time),Error,ERROR,No favicon
Thu Aug 22 2019 12:16:06 GMT+0100 (British Summer Time),Error,ERROR,No favicon
Thu Aug 22 2019 12:18:09 GMT+0100 (British Summer Time),Error,ERROR,No favicon
Thu Aug 22 2019 12:18:36 GMT+0100 (British Summer Time),Error,ERROR,No favicon
Thu Aug 22 2019 12:27:43 GMT+0100 (British Summer Time),Error,ERROR,No favicon
Thu Aug 22 2019 12:29:38 GMT+0100 (British Summer Time),Error,ERROR,No favicon
Thu Aug 22 2019 12:31:03 GMT+0100 (British Summer Time),Error,ERROR,No favicon
Thu Aug 22 2019 12:32:42 GMT+0100 (British Summer Time),Error,ERROR,No favicon
Thu Aug 22 2019 12:42:50 GMT+0100 (British Summer Time),Error,ERROR,No favicon
Thu Aug 22 2019 13:27:25 GMT+0100 (British Summer Time),Master server error,ERROR,Error: listen EADDRINUSE: address already in use 138.251.29.15:3003
Thu Aug 22 2019 13:44:54 GMT+0100 (British Summer Time),0000-0002-8408-4410,VALID,{"orcid-identifier":{"uri":"http://orcid.org/0000-0002-8408-4410","path":"0000-0002-8408-4410","host":"orcid.org"},"preferences":{"locale":"EN"},"history":{"creation-method":"DIRECT","completion-date":null,"submission-date":{"value":1560036872483},"last-modified-date":{"value":1560088358618},"claimed":true,"source":null,"deactivation-date":null,"verified-email":true,"verified-primary-email":true},"person":{"last-modified-date":null,"name":{"created-date":{"value":1560036872483},"last-modified-date":{"value":1560036872709},"given-names":{"value":"Scott"},"family-name":null,"credit-name":null,"source":null,"visibility":"PUBLIC","path":"0000-0002-8408-4410"},"other-names":{"last-modified-date":null,"other-name":[],"path":"/0000-0002-8408-4410/other-names"},"biography":null,"researcher-urls":{"last-modified-date":null,"researcher-url":[],"path":"/0000-0002-8408-4410/researcher-urls"},"emails":{"last-modified-date":null,"email":[],"path":"/0000-0002-8408-4410/email"},"addresses":{"last-modified-date":null,"address":[],"path":"/0000-0002-8408-4410/address"},"keywords":{"last-modified-date":null,"keyword":[],"path":"/0000-0002-8408-4410/keywords"},"external-identifiers":{"last-modified-date":null,"external-identifier":[],"path":"/0000-0002-8408-4410/external-identifiers"},"path":"/0000-0002-8408-4410/person"},"activities-summary":{"last-modified-date":null,"educations":{"last-modified-date":null,"education-summary":[],"path":"/0000-0002-8408-4410/educations"},"employments":{"last-modified-date":null,"employment-summary":[],"path":"/0000-0002-8408-4410/employments"},"fundings":{"last-modified-date":null,"group":[],"path":"/0000-0002-8408-4410/fundings"},"peer-reviews":{"last-modified-date":null,"group":[],"path":"/0000-0002-8408-4410/peer-reviews"},"works":{"last-modified-date":null,"group":[],"path":"/0000-0002-8408-4410/works"},"path":"/0000-0002-8408-4410/activities"},"path":"/0000-0002-8408-4410"}
Thu Aug 22 2019 13:52:58 GMT+0100 (British Summer Time),0000-0002-8408-4410,VALID,{"orcid-identifier":{"uri":"http://orcid.org/0000-0002-8408-4410","path":"0000-0002-8408-4410","host":"orcid.org"},"preferences":{"locale":"EN"},"history":{"creation-method":"DIRECT","completion-date":null,"submission-date":{"value":1560036872483},"last-modified-date":{"value":1560088358618},"claimed":true,"source":null,"deactivation-date":null,"verified-email":true,"verified-primary-email":true},"person":{"last-modified-date":null,"name":{"created-date":{"value":1560036872483},"last-modified-date":{"value":1560036872709},"given-names":{"value":"Scott"},"family-name":null,"credit-name":null,"source":null,"visibility":"PUBLIC","path":"0000-0002-8408-4410"},"other-names":{"last-modified-date":null,"other-name":[],"path":"/0000-0002-8408-4410/other-names"},"biography":null,"researcher-urls":{"last-modified-date":null,"researcher-url":[],"path":"/0000-0002-8408-4410/researcher-urls"},"emails":{"last-modified-date":null,"email":[],"path":"/0000-0002-8408-4410/email"},"addresses":{"last-modified-date":null,"address":[],"path":"/0000-0002-8408-4410/address"},"keywords":{"last-modified-date":null,"keyword":[],"path":"/0000-0002-8408-4410/keywords"},"external-identifiers":{"last-modified-date":null,"external-identifier":[],"path":"/0000-0002-8408-4410/external-identifiers"},"path":"/0000-0002-8408-4410/person"},"activities-summary":{"last-modified-date":null,"educations":{"last-modified-date":null,"education-summary":[],"path":"/0000-0002-8408-4410/educations"},"employments":{"last-modified-date":null,"employment-summary":[],"path":"/0000-0002-8408-4410/employments"},"fundings":{"last-modified-date":null,"group":[],"path":"/0000-0002-8408-4410/fundings"},"peer-reviews":{"last-modified-date":null,"group":[],"path":"/0000-0002-8408-4410/peer-reviews"},"works":{"last-modified-date":null,"group":[],"path":"/0000-0002-8408-4410/works"},"path":"/0000-0002-8408-4410/activities"},"path":"/0000-0002-8408-4410"}
Thu Aug 22 2019 13:56:29 GMT+0100 (British Summer Time),0000-0002-8408-4410,VALID,{"orcid-identifier":{"uri":"http://orcid.org/0000-0002-8408-4410","path":"0000-0002-8408-4410","host":"orcid.org"},"preferences":{"locale":"EN"},"history":{"creation-method":"DIRECT","completion-date":null,"submission-date":{"value":1560036872483},"last-modified-date":{"value":1560088358618},"claimed":true,"source":null,"deactivation-date":null,"verified-email":true,"verified-primary-email":true},"person":{"last-modified-date":null,"name":{"created-date":{"value":1560036872483},"last-modified-date":{"value":1560036872709},"given-names":{"value":"Scott"},"family-name":null,"credit-name":null,"source":null,"visibility":"PUBLIC","path":"0000-0002-8408-4410"},"other-names":{"last-modified-date":null,"other-name":[],"path":"/0000-0002-8408-4410/other-names"},"biography":null,"researcher-urls":{"last-modified-date":null,"researcher-url":[],"path":"/0000-0002-8408-4410/researcher-urls"},"emails":{"last-modified-date":null,"email":[],"path":"/0000-0002-8408-4410/email"},"addresses":{"last-modified-date":null,"address":[],"path":"/0000-0002-8408-4410/address"},"keywords":{"last-modified-date":null,"keyword":[],"path":"/0000-0002-8408-4410/keywords"},"external-identifiers":{"last-modified-date":null,"external-identifier":[],"path":"/0000-0002-8408-4410/external-identifiers"},"path":"/0000-0002-8408-4410/person"},"activities-summary":{"last-modified-date":null,"educations":{"last-modified-date":null,"education-summary":[],"path":"/0000-0002-8408-4410/educations"},"employments":{"last-modified-date":null,"employment-summary":[],"path":"/0000-0002-8408-4410/employments"},"fundings":{"last-modified-date":null,"group":[],"path":"/0000-0002-8408-4410/fundings"},"peer-reviews":{"last-modified-date":null,"group":[],"path":"/0000-0002-8408-4410/peer-reviews"},"works":{"last-modified-date":null,"group":[],"path":"/0000-0002-8408-4410/works"},"path":"/0000-0002-8408-4410/activities"},"path":"/0000-0002-8408-4410"}
Sun Aug 25 2019 10:26:40 GMT+0100 (British Summer Time),Master server error,Error: listen EADDRINUSE: address already in use 138.251.29.15:3333,ERROR,undefined
Sun Aug 25 2019 10:29:50 GMT+0100 (British Summer Time),Master server error,Error: listen EADDRINUSE: address already in use 138.251.29.15:3333,ERROR,undefined
Sun Aug 25 2019 10:47:34 GMT+0100 (British Summer Time),MICROSOFT,Cannot retrieve request,ERROR,ReferenceError: response is not defined
Sun Aug 25 2019 10:55:31 GMT+0100 (British Summer Time),MICROSOFT,Cannot retrieve request,ERROR,Something occurred while requesting token: [object Object]
Sun Aug 25 2019 10:56:07 GMT+0100 (British Summer Time),MICROSOFT,Cannot retrieve request,ERROR,Something occurred while requesting token: 
Mon Aug 26 2019 09:27:20 GMT+0100 (British Summer Time),GOOGLE,Token request,ERROR,ReferenceError: codeEndPoint is not defined
Mon Aug 26 2019 10:37:58 GMT+0100 (British Summer Time),GOOGLE,Token request,ERROR,ReferenceError: codeEndPoint is not defined
Mon Aug 26 2019 10:39:20 GMT+0100 (British Summer Time),GOOGLE,Token request,ERROR,ReferenceError: codeEndPoint is not defined
Mon Aug 26 2019 10:42:45 GMT+0100 (British Summer Time),GOOGLE,Token request,ERROR,Unable to retrieve tokens: TypeError: Cannot read property 'code' of undefined
Mon Aug 26 2019 10:48:57 GMT+0100 (British Summer Time),GOOGLE,Token request,ERROR,TypeError: Cannot convert object to primitive value
Mon Aug 26 2019 10:49:54 GMT+0100 (British Summer Time),GOOGLE,Token request,ERROR,TypeError: Cannot convert object to primitive value
Mon Aug 26 2019 10:51:49 GMT+0100 (British Summer Time),GOOGLE,Token request,ERROR,TypeError: Cannot convert object to primitive value
Mon Aug 26 2019 10:53:34 GMT+0100 (British Summer Time),GOOGLE,Token request,ERROR,TypeError: Cannot convert object to primitive value
Mon Aug 26 2019 10:56:26 GMT+0100 (British Summer Time),GOOGLE,Token request,ERROR,Unable to retrieve tokens: Error: invalid_grant
Mon Aug 26 2019 11:43:57 GMT+0100 (British Summer Time),GOOGLE,Token request,ERROR,Unable to retrieve tokens: Error: invalid_grant
Mon Aug 26 2019 13:52:41 GMT+0100 (British Summer Time),GOOGLE,Token request,ERROR,Error: No access, refresh token or API key is set.
Mon Aug 26 2019 13:52:57 GMT+0100 (British Summer Time),GOOGLE,Token request,ERROR,Error: No access, refresh token or API key is set.
Mon Aug 26 2019 13:55:38 GMT+0100 (British Summer Time),GOOGLE,Token request,ERROR,Error: No access, refresh token or API key is set.
Mon Aug 26 2019 13:58:27 GMT+0100 (British Summer Time),GOOGLE,Token request,ERROR,Error: No access, refresh token or API key is set.
Mon Aug 26 2019 13:59:45 GMT+0100 (British Summer Time),GOOGLE,Token request,ERROR,Error: No access, refresh token or API key is set.
Mon Aug 26 2019 14:13:41 GMT+0100 (British Summer Time),GOOGLE,Token request,ERROR,Unable to retrieve tokens: Error: invalid_grant
Mon Aug 26 2019 14:14:31 GMT+0100 (British Summer Time),GOOGLE,Token request,ERROR,Unable to retrieve tokens: Error: invalid_grant
Mon Aug 26 2019 14:14:37 GMT+0100 (British Summer Time),GOOGLE,Token request,ERROR,Error: No access, refresh token or API key is set.
Mon Aug 26 2019 14:17:53 GMT+0100 (British Summer Time),GOOGLE,Token request,ERROR,Unable to retrieve tokens: Error: invalid_grant
Mon Aug 26 2019 14:22:36 GMT+0100 (British Summer Time),GOOGLE,Token request,ERROR,Error: No access, refresh token or API key is set.
Mon Aug 26 2019 14:24:12 GMT+0100 (British Summer Time),GOOGLE,Token request,ERROR,Unable to retrieve tokens: ReferenceError: response is not defined
Mon Aug 26 2019 14:35:20 GMT+0100 (British Summer Time),GOOGLE,Token request,ERROR,Error: No access, refresh token or API key is set.
Mon Aug 26 2019 15:03:52 GMT+0100 (British Summer Time),GOOGLE,Token request,ERROR,Unable to retrieve tokens: ReferenceError: sessionStorage is not defined
Mon Aug 26 2019 15:04:24 GMT+0100 (British Summer Time),GOOGLE,Token request,ERROR,Unable to retrieve tokens: Error: invalid_grant
Mon Aug 26 2019 15:05:38 GMT+0100 (British Summer Time),GOOGLE,Token request,ERROR,Unable to retrieve tokens: Error: invalid_grant
Mon Aug 26 2019 15:06:40 GMT+0100 (British Summer Time),GOOGLE,Token request,ERROR,Unable to retrieve tokens: Error: invalid_grant
Mon Aug 26 2019 15:07:32 GMT+0100 (British Summer Time),GOOGLE,Token request,ERROR,Unable to retrieve tokens: Error: invalid_grant
Mon Aug 26 2019 15:07:39 GMT+0100 (British Summer Time),GOOGLE,Token request,ERROR,Error: No access, refresh token or API key is set.
Mon Aug 26 2019 15:08:11 GMT+0100 (British Summer Time),GOOGLE,Token request,ERROR,Error: No access, refresh token or API key is set.
Mon Aug 26 2019 15:09:27 GMT+0100 (British Summer Time),GOOGLE,Token request,ERROR,Error: No access, refresh token or API key is set.
Mon Aug 26 2019 15:13:10 GMT+0100 (British Summer Time),Master server error,Error: listen EADDRINUSE: address already in use 127.0.0.1:3003,ERROR,undefined
Mon Aug 26 2019 15:14:15 GMT+0100 (British Summer Time),Master server error,Error: listen EADDRINUSE: address already in use 127.0.0.1:3003,ERROR,undefined
Mon Aug 26 2019 15:15:45 GMT+0100 (British Summer Time),GOOGLE,Token request,ERROR,Error: No access, refresh token or API key is set.
Mon Aug 26 2019 15:17:02 GMT+0100 (British Summer Time),GOOGLE,Token request,ERROR,Error: No access, refresh token or API key is set.
Mon Aug 26 2019 15:18:09 GMT+0100 (British Summer Time),GOOGLE,Token request,ERROR,Error: No access, refresh token or API key is set.
Mon Aug 26 2019 15:26:01 GMT+0100 (British Summer Time),Master server error,Error: listen EADDRINUSE: address already in use 127.0.0.1:3333,ERROR,undefined
Mon Aug 26 2019 15:26:43 GMT+0100 (British Summer Time),GOOGLE,Token request,ERROR,Unable to retrieve tokens: Error: invalid_grant
Mon Aug 26 2019 15:27:41 GMT+0100 (British Summer Time),GOOGLE,Token request,ERROR,Error: No access, refresh token or API key is set.
Mon Aug 26 2019 15:35:31 GMT+0100 (British Summer Time),GOOGLE,Token request,ERROR,Unable to retrieve tokens: TypeError: Cannot read property 'get' of undefined
Mon Aug 26 2019 15:39:37 GMT+0100 (British Summer Time),GOOGLE,Token request,ERROR,Error: No access, refresh token or API key is set.
Wed Aug 28 2019 10:46:25 GMT+0100 (British Summer Time),GOOGLE,Token request,ERROR,Error: No access, refresh token or API key is set.
Wed Aug 28 2019 11:11:56 GMT+0100 (British Summer Time),GOOGLE,Token request,ERROR,Error: No access, refresh token or API key is set.
Wed Aug 28 2019 11:14:46 GMT+0100 (British Summer Time),GOOGLE,Token request,ERROR,Error: No access, refresh token or API key is set.
Wed Aug 28 2019 11:14:59 GMT+0100 (British Summer Time),GOOGLE,Data request,VALID,<!DOCTYPE html><html><head><title>Select Drive Contents To Share</title></head><body><h1>Select Drive Contents To Share</h1><form><input type="checkbox" name="1nxDccfUm2HmZrxvrrG6bE7FZCFw7aidT0q9CxPPCJ_w">SPR18 Results Public (1nxDccfUm2HmZrxvrrG6bE7FZCFw7aidT0q9CxPPCJ_w)</input>
<input type="checkbox" name="1yHVfOySy7htBU0pKWjXIK9fZIJ8ASyb0akS0KmQv7iQ">Case Study 28 Presentation (1yHVfOySy7htBU0pKWjXIK9fZIJ8ASyb0akS0KmQv7iQ)</input>
<input type="checkbox" name="1QpBADBszz_UCuJ0o4LkTUae4boVjFi_l8LIp_xu_18I">Report Write Up for Case Study (1QpBADBszz_UCuJ0o4LkTUae4boVjFi_l8LIp_xu_18I)</input>
<input type="submit" value="Share"><></form></body></html>
Wed Aug 28 2019 11:16:55 GMT+0100 (British Summer Time),GOOGLE,Token request,ERROR,Error: No access, refresh token or API key is set.
Wed Aug 28 2019 11:17:18 GMT+0100 (British Summer Time),GOOGLE,Data request,VALID,<!DOCTYPE html><html><head><title>Select Drive Contents To Share</title></head><body><h1>Select Drive Contents To Share</h1><form><input type="checkbox" name="
1nxDccfUm2HmZrxvrrG6bE7FZCFw7aidT0q9CxPPCJ_w">SPR18 Results Public (1nxDccfUm2HmZrxvrrG6bE7FZCFw7aidT0q9CxPPCJ_w)</input>
<input type="checkbox" name="
1yHVfOySy7htBU0pKWjXIK9fZIJ8ASyb0akS0KmQv7iQ">Case Study 28 Presentation (1yHVfOySy7htBU0pKWjXIK9fZIJ8ASyb0akS0KmQv7iQ)</input>
<input type="checkbox" name="
1QpBADBszz_UCuJ0o4LkTUae4boVjFi_l8LIp_xu_18I">Report Write Up for Case Study (1QpBADBszz_UCuJ0o4LkTUae4boVjFi_l8LIp_xu_18I)</input>
<input type="submit" value="Share"></form></body></html>
Wed Aug 28 2019 11:19:12 GMT+0100 (British Summer Time),GOOGLE,Token request,ERROR,Error: No access, refresh token or API key is set.
Wed Aug 28 2019 11:19:31 GMT+0100 (British Summer Time),GOOGLE,Data request,VALID,<!DOCTYPE html><html><head><title>Select Drive Contents To Share</title></head><body><h1>Select Drive Contents To Share</h1><form><input type="checkbox" name="1nxDccfUm2HmZrxvrrG6bE7FZCFw7aidT0q9CxPPCJ_w">SPR18 Results Public (1nxDccfUm2HmZrxvrrG6bE7FZCFw7aidT0q9CxPPCJ_w)</input><br><input type="checkbox" name="1yHVfOySy7htBU0pKWjXIK9fZIJ8ASyb0akS0KmQv7iQ">Case Study 28 Presentation (1yHVfOySy7htBU0pKWjXIK9fZIJ8ASyb0akS0KmQv7iQ)</input><br><input type="checkbox" name="1QpBADBszz_UCuJ0o4LkTUae4boVjFi_l8LIp_xu_18I">Report Write Up for Case Study (1QpBADBszz_UCuJ0o4LkTUae4boVjFi_l8LIp_xu_18I)</input><br><input type="submit" value="Share"></form></body></html>
Wed Aug 28 2019 12:57:33 GMT+0100 (British Summer Time),GOOGLE,Token request,ERROR,Error: No access, refresh token or API key is set.
Wed Aug 28 2019 12:57:41 GMT+0100 (British Summer Time),GOOGLE,Data request,VALID,<!DOCTYPE html><html><head><title>Select Drive Contents To Share</title></head><body><h1>Select Drive Contents To Share</h1><form><input type="checkbox" name="1nxDccfUm2HmZrxvrrG6bE7FZCFw7aidT0q9CxPPCJ_w">SPR18 Results Public (1nxDccfUm2HmZrxvrrG6bE7FZCFw7aidT0q9CxPPCJ_w)</input><br><input type="checkbox" name="1yHVfOySy7htBU0pKWjXIK9fZIJ8ASyb0akS0KmQv7iQ">Case Study 28 Presentation (1yHVfOySy7htBU0pKWjXIK9fZIJ8ASyb0akS0KmQv7iQ)</input><br><input type="checkbox" name="1QpBADBszz_UCuJ0o4LkTUae4boVjFi_l8LIp_xu_18I">Report Write Up for Case Study (1QpBADBszz_UCuJ0o4LkTUae4boVjFi_l8LIp_xu_18I)</input><br><input type="checkbox" name="1x6YJf3OvnxNPhiU2KpvaBUZvUugVJaRfWCaDeO9o8YU">Case Study 28 (1x6YJf3OvnxNPhiU2KpvaBUZvUugVJaRfWCaDeO9o8YU)</input><br><input type="checkbox" name="1CqxyvqdINX_wL8ZHv32TEa3m_hZO8Ddbe0X3Ar-AcX0">Russia  (1CqxyvqdINX_wL8ZHv32TEa3m_hZO8Ddbe0X3Ar-AcX0)</input><br><input type="checkbox" name="1Opr1d9fqAoQ-GQp0yU5YoW8af8sQ7DInS08fL3dUTM8">Russia Research (1Opr1d9fqAoQ-GQp0yU5YoW8af8sQ7DInS08fL3dUTM8)</input><br><input type="checkbox" name="1RFm-6aJ8wfRFMSlDaXxLd1CvLHrcEaawmdSmDHBu5U0">ugh wtf russia  (1RFm-6aJ8wfRFMSlDaXxLd1CvLHrcEaawmdSmDHBu5U0)</input><br><input type="checkbox" name="1-W1uPjEEkL_GBHYuqwKgYU2B4pg7wJYjiInIt4-SFM4">Rules for Assassins (1-W1uPjEEkL_GBHYuqwKgYU2B4pg7wJYjiInIt4-SFM4)</input><br><input type="checkbox" name="0Bwn_H5FjAZhsTlRWaGRGWWlnNk0">Lit Video Project (0Bwn_H5FjAZhsTlRWaGRGWWlnNk0)</input><br><input type="checkbox" name="0Bwn_H5FjAZhsT2FNRHdzMGFZbHc">IMG_9809.MOV (0Bwn_H5FjAZhsT2FNRHdzMGFZbHc)</input><br><br><input type="button" value="Previous Page"><input type="button" value="Next Page"><br><input type="submit" value="Share"></form></body></html>
Wed Aug 28 2019 12:58:04 GMT+0100 (British Summer Time),GOOGLE,Data request,VALID,<!DOCTYPE html><html><head><title>Select Drive Contents To Share</title></head><body><h1>Select Drive Contents To Share</h1><form><input type="checkbox" name="1nxDccfUm2HmZrxvrrG6bE7FZCFw7aidT0q9CxPPCJ_w">SPR18 Results Public (1nxDccfUm2HmZrxvrrG6bE7FZCFw7aidT0q9CxPPCJ_w)</input><br><input type="checkbox" name="1yHVfOySy7htBU0pKWjXIK9fZIJ8ASyb0akS0KmQv7iQ">Case Study 28 Presentation (1yHVfOySy7htBU0pKWjXIK9fZIJ8ASyb0akS0KmQv7iQ)</input><br><input type="checkbox" name="1QpBADBszz_UCuJ0o4LkTUae4boVjFi_l8LIp_xu_18I">Report Write Up for Case Study (1QpBADBszz_UCuJ0o4LkTUae4boVjFi_l8LIp_xu_18I)</input><br><input type="checkbox" name="1x6YJf3OvnxNPhiU2KpvaBUZvUugVJaRfWCaDeO9o8YU">Case Study 28 (1x6YJf3OvnxNPhiU2KpvaBUZvUugVJaRfWCaDeO9o8YU)</input><br><input type="checkbox" name="1CqxyvqdINX_wL8ZHv32TEa3m_hZO8Ddbe0X3Ar-AcX0">Russia  (1CqxyvqdINX_wL8ZHv32TEa3m_hZO8Ddbe0X3Ar-AcX0)</input><br><input type="checkbox" name="1Opr1d9fqAoQ-GQp0yU5YoW8af8sQ7DInS08fL3dUTM8">Russia Research (1Opr1d9fqAoQ-GQp0yU5YoW8af8sQ7DInS08fL3dUTM8)</input><br><input type="checkbox" name="1RFm-6aJ8wfRFMSlDaXxLd1CvLHrcEaawmdSmDHBu5U0">ugh wtf russia  (1RFm-6aJ8wfRFMSlDaXxLd1CvLHrcEaawmdSmDHBu5U0)</input><br><input type="checkbox" name="1-W1uPjEEkL_GBHYuqwKgYU2B4pg7wJYjiInIt4-SFM4">Rules for Assassins (1-W1uPjEEkL_GBHYuqwKgYU2B4pg7wJYjiInIt4-SFM4)</input><br><input type="checkbox" name="0Bwn_H5FjAZhsTlRWaGRGWWlnNk0">Lit Video Project (0Bwn_H5FjAZhsTlRWaGRGWWlnNk0)</input><br><input type="checkbox" name="0Bwn_H5FjAZhsT2FNRHdzMGFZbHc">IMG_9809.MOV (0Bwn_H5FjAZhsT2FNRHdzMGFZbHc)</input><br><br><input type="button" value="Previous Page"><input type="button" value="Next Page"><br><input type="submit" value="Share"></form></body></html>
Wed Aug 28 2019 14:55:41 GMT+0100 (British Summer Time),GOOGLE,Token request,ERROR,Error: No access, refresh token or API key is set.
Wed Aug 28 2019 14:56:00 GMT+0100 (British Summer Time),GOOGLE,Data request,VALID,<!DOCTYPE html><html><head><title>Select Drive Contents To Share</title></head><body><h1>Select Drive Contents To Share</h1><form><input type="checkbox" name="1nxDccfUm2HmZrxvrrG6bE7FZCFw7aidT0q9CxPPCJ_w">SPR18 Results Public (1nxDccfUm2HmZrxvrrG6bE7FZCFw7aidT0q9CxPPCJ_w)</input><br><input type="checkbox" name="1yHVfOySy7htBU0pKWjXIK9fZIJ8ASyb0akS0KmQv7iQ">Case Study 28 Presentation (1yHVfOySy7htBU0pKWjXIK9fZIJ8ASyb0akS0KmQv7iQ)</input><br><input type="checkbox" name="1QpBADBszz_UCuJ0o4LkTUae4boVjFi_l8LIp_xu_18I">Report Write Up for Case Study (1QpBADBszz_UCuJ0o4LkTUae4boVjFi_l8LIp_xu_18I)</input><br><input type="checkbox" name="1x6YJf3OvnxNPhiU2KpvaBUZvUugVJaRfWCaDeO9o8YU">Case Study 28 (1x6YJf3OvnxNPhiU2KpvaBUZvUugVJaRfWCaDeO9o8YU)</input><br><input type="checkbox" name="1CqxyvqdINX_wL8ZHv32TEa3m_hZO8Ddbe0X3Ar-AcX0">Russia  (1CqxyvqdINX_wL8ZHv32TEa3m_hZO8Ddbe0X3Ar-AcX0)</input><br><input type="checkbox" name="1Opr1d9fqAoQ-GQp0yU5YoW8af8sQ7DInS08fL3dUTM8">Russia Research (1Opr1d9fqAoQ-GQp0yU5YoW8af8sQ7DInS08fL3dUTM8)</input><br><input type="checkbox" name="1RFm-6aJ8wfRFMSlDaXxLd1CvLHrcEaawmdSmDHBu5U0">ugh wtf russia  (1RFm-6aJ8wfRFMSlDaXxLd1CvLHrcEaawmdSmDHBu5U0)</input><br><input type="checkbox" name="1-W1uPjEEkL_GBHYuqwKgYU2B4pg7wJYjiInIt4-SFM4">Rules for Assassins (1-W1uPjEEkL_GBHYuqwKgYU2B4pg7wJYjiInIt4-SFM4)</input><br><input type="checkbox" name="0Bwn_H5FjAZhsTlRWaGRGWWlnNk0">Lit Video Project (0Bwn_H5FjAZhsTlRWaGRGWWlnNk0)</input><br><input type="checkbox" name="0Bwn_H5FjAZhsT2FNRHdzMGFZbHc">IMG_9809.MOV (0Bwn_H5FjAZhsT2FNRHdzMGFZbHc)</input><br><br><input type="button" value="Previous Page"><input type="button" value="Next Page"><br><input type="submit" value="Share"></form></body></html>
Wed Aug 28 2019 14:56:08 GMT+0100 (British Summer Time),GOOGLE,Data request,VALID,<!DOCTYPE html><html><head><title>Select Drive Contents To Share</title></head><body><h1>Select Drive Contents To Share</h1><form><input type="checkbox" name="1nxDccfUm2HmZrxvrrG6bE7FZCFw7aidT0q9CxPPCJ_w">SPR18 Results Public (1nxDccfUm2HmZrxvrrG6bE7FZCFw7aidT0q9CxPPCJ_w)</input><br><input type="checkbox" name="1yHVfOySy7htBU0pKWjXIK9fZIJ8ASyb0akS0KmQv7iQ">Case Study 28 Presentation (1yHVfOySy7htBU0pKWjXIK9fZIJ8ASyb0akS0KmQv7iQ)</input><br><input type="checkbox" name="1QpBADBszz_UCuJ0o4LkTUae4boVjFi_l8LIp_xu_18I">Report Write Up for Case Study (1QpBADBszz_UCuJ0o4LkTUae4boVjFi_l8LIp_xu_18I)</input><br><input type="checkbox" name="1x6YJf3OvnxNPhiU2KpvaBUZvUugVJaRfWCaDeO9o8YU">Case Study 28 (1x6YJf3OvnxNPhiU2KpvaBUZvUugVJaRfWCaDeO9o8YU)</input><br><input type="checkbox" name="1CqxyvqdINX_wL8ZHv32TEa3m_hZO8Ddbe0X3Ar-AcX0">Russia  (1CqxyvqdINX_wL8ZHv32TEa3m_hZO8Ddbe0X3Ar-AcX0)</input><br><input type="checkbox" name="1Opr1d9fqAoQ-GQp0yU5YoW8af8sQ7DInS08fL3dUTM8">Russia Research (1Opr1d9fqAoQ-GQp0yU5YoW8af8sQ7DInS08fL3dUTM8)</input><br><input type="checkbox" name="1RFm-6aJ8wfRFMSlDaXxLd1CvLHrcEaawmdSmDHBu5U0">ugh wtf russia  (1RFm-6aJ8wfRFMSlDaXxLd1CvLHrcEaawmdSmDHBu5U0)</input><br><input type="checkbox" name="1-W1uPjEEkL_GBHYuqwKgYU2B4pg7wJYjiInIt4-SFM4">Rules for Assassins (1-W1uPjEEkL_GBHYuqwKgYU2B4pg7wJYjiInIt4-SFM4)</input><br><input type="checkbox" name="0Bwn_H5FjAZhsTlRWaGRGWWlnNk0">Lit Video Project (0Bwn_H5FjAZhsTlRWaGRGWWlnNk0)</input><br><input type="checkbox" name="0Bwn_H5FjAZhsT2FNRHdzMGFZbHc">IMG_9809.MOV (0Bwn_H5FjAZhsT2FNRHdzMGFZbHc)</input><br><br><input type="button" value="Previous Page"><input type="button" value="Next Page"><br><input type="submit" value="Share"></form></body></html>
Wed Aug 28 2019 15:01:16 GMT+0100 (British Summer Time),GOOGLE,Token request,ERROR,Error: No access, refresh token or API key is set.
Wed Aug 28 2019 15:01:39 GMT+0100 (British Summer Time),GOOGLE,Data request,VALID,<!DOCTYPE html><html><head><title>Select Drive Contents To Share</title></head><body><h1>Select Drive Contents To Share</h1><form action="/google/request/update"><input type="checkbox" name="1nxDccfUm2HmZrxvrrG6bE7FZCFw7aidT0q9CxPPCJ_w">SPR18 Results Public (1nxDccfUm2HmZrxvrrG6bE7FZCFw7aidT0q9CxPPCJ_w)</input><br><input type="checkbox" name="1yHVfOySy7htBU0pKWjXIK9fZIJ8ASyb0akS0KmQv7iQ">Case Study 28 Presentation (1yHVfOySy7htBU0pKWjXIK9fZIJ8ASyb0akS0KmQv7iQ)</input><br><input type="checkbox" name="1QpBADBszz_UCuJ0o4LkTUae4boVjFi_l8LIp_xu_18I">Report Write Up for Case Study (1QpBADBszz_UCuJ0o4LkTUae4boVjFi_l8LIp_xu_18I)</input><br><input type="checkbox" name="1x6YJf3OvnxNPhiU2KpvaBUZvUugVJaRfWCaDeO9o8YU">Case Study 28 (1x6YJf3OvnxNPhiU2KpvaBUZvUugVJaRfWCaDeO9o8YU)</input><br><input type="checkbox" name="1CqxyvqdINX_wL8ZHv32TEa3m_hZO8Ddbe0X3Ar-AcX0">Russia  (1CqxyvqdINX_wL8ZHv32TEa3m_hZO8Ddbe0X3Ar-AcX0)</input><br><input type="checkbox" name="1Opr1d9fqAoQ-GQp0yU5YoW8af8sQ7DInS08fL3dUTM8">Russia Research (1Opr1d9fqAoQ-GQp0yU5YoW8af8sQ7DInS08fL3dUTM8)</input><br><input type="checkbox" name="1RFm-6aJ8wfRFMSlDaXxLd1CvLHrcEaawmdSmDHBu5U0">ugh wtf russia  (1RFm-6aJ8wfRFMSlDaXxLd1CvLHrcEaawmdSmDHBu5U0)</input><br><input type="checkbox" name="1-W1uPjEEkL_GBHYuqwKgYU2B4pg7wJYjiInIt4-SFM4">Rules for Assassins (1-W1uPjEEkL_GBHYuqwKgYU2B4pg7wJYjiInIt4-SFM4)</input><br><input type="checkbox" name="0Bwn_H5FjAZhsTlRWaGRGWWlnNk0">Lit Video Project (0Bwn_H5FjAZhsTlRWaGRGWWlnNk0)</input><br><input type="checkbox" name="0Bwn_H5FjAZhsT2FNRHdzMGFZbHc">IMG_9809.MOV (0Bwn_H5FjAZhsT2FNRHdzMGFZbHc)</input><br><br><input type="button" value="Previous Page"><input type="button" value="Next Page"><br><input type="submit" value="Share"></form></body></html>
Wed Aug 28 2019 15:04:29 GMT+0100 (British Summer Time),GOOGLE,Token request,ERROR,Error: No access, refresh token or API key is set.
Wed Aug 28 2019 15:05:08 GMT+0100 (British Summer Time),GOOGLE,Token request,ERROR,Error: No access, refresh token or API key is set.
Sat Aug 31 2019 09:39:54 GMT+0100 (British Summer Time),GOOGLE,Token request,ERROR,Error: No access, refresh token or API key is set.
Sat Aug 31 2019 09:40:21 GMT+0100 (British Summer Time),GOOGLE,Data request,VALID,<!DOCTYPE html><html><head><title>Select Drive Contents To Share</title></head><body><h1>Select Drive Contents To Share</h1><form action="/google/request/update"><input type="checkbox" name="17t3P0rD9sEIODfTD9bh3XkQR_tj7LXRxrOEDrchkEqs">Unpaid debts (17t3P0rD9sEIODfTD9bh3XkQR_tj7LXRxrOEDrchkEqs)</input><br><input type="checkbox" name="1XQO1tPBh7_9VEhg_lJYLBJ8tyQRY34nKksGY6u4CDwo">Meeting Notes - 23rd August 2019 - JH (1XQO1tPBh7_9VEhg_lJYLBJ8tyQRY34nKksGY6u4CDwo)</input><br><input type="checkbox" name="1-6nE-FboMJ5pUqUAuo-_5YPV_TksRlirTjB76Q07bes">Project 24 Challenge (1-6nE-FboMJ5pUqUAuo-_5YPV_TksRlirTjB76Q07bes)</input><br><input type="checkbox" name="1zC_0c1fz9Zl_5zRAwwaI6yNBmv2Yw2th">UStABC Summer Programme Updated.docx (1zC_0c1fz9Zl_5zRAwwaI6yNBmv2Yw2th)</input><br><input type="checkbox" name="1XPbxMIssS2GFZ5XwVeoRGh11qdYX6O1s">UStABC Summer Programme.docx (1XPbxMIssS2GFZ5XwVeoRGh11qdYX6O1s)</input><br><input type="checkbox" name="1dunSpD-1O_hkfJvLp43s91Mv8fu8OAL1ingDvAv8P9c">Skype Meeting Notes - 12th July  (1dunSpD-1O_hkfJvLp43s91Mv8fu8OAL1ingDvAv8P9c)</input><br><input type="checkbox" name="1l-ARkOWJWCdRB2VQkNiD5vk3_dhD9xAG">Meeting Notes (1l-ARkOWJWCdRB2VQkNiD5vk3_dhD9xAG)</input><br><input type="checkbox" name="1AskHmt_uJfLlx2SO8A5_1C-MGktbPckUXTiGCp031oA">Transport Members Sheet 2018-19 (1AskHmt_uJfLlx2SO8A5_1C-MGktbPckUXTiGCp031oA)</input><br><input type="checkbox" name="1vIbTQNhxF0KGeHGnYIfOSHzrfN71OrZgrowrpQIuc68">S19USTAH St Andrews Beginners Applications (1vIbTQNhxF0KGeHGnYIfOSHzrfN71OrZgrowrpQIuc68)</input><br><input type="checkbox" name="17QTeLkKizUn3ZnfxOS5xZ29e07ShQhEZaQIFIMjywPA">ideaQuad _id system - initial thoughts for Research Census (17QTeLkKizUn3ZnfxOS5xZ29e07ShQhEZaQIFIMjywPA)</input><br><br><input type="button" value="Previous Page"><input type="button" value="Next Page"><br><input type="submit" value="Share"></form></body></html>
Sat Aug 31 2019 09:44:07 GMT+0100 (British Summer Time),GOOGLE,Token request,ERROR,Error: No access, refresh token or API key is set.
Sat Aug 31 2019 09:44:14 GMT+0100 (British Summer Time),GOOGLE,Data request,VALID,<!DOCTYPE html><html><head><title>Select Drive Contents To Share</title></head><body><h1>Select Drive Contents To Share</h1><form action="/google/request/update"><input type="checkbox" name="17t3P0rD9sEIODfTD9bh3XkQR_tj7LXRxrOEDrchkEqs">Unpaid debts (17t3P0rD9sEIODfTD9bh3XkQR_tj7LXRxrOEDrchkEqs)</input><br><input type="checkbox" name="1XQO1tPBh7_9VEhg_lJYLBJ8tyQRY34nKksGY6u4CDwo">Meeting Notes - 23rd August 2019 - JH (1XQO1tPBh7_9VEhg_lJYLBJ8tyQRY34nKksGY6u4CDwo)</input><br><input type="checkbox" name="1-6nE-FboMJ5pUqUAuo-_5YPV_TksRlirTjB76Q07bes">Project 24 Challenge (1-6nE-FboMJ5pUqUAuo-_5YPV_TksRlirTjB76Q07bes)</input><br><input type="checkbox" name="1zC_0c1fz9Zl_5zRAwwaI6yNBmv2Yw2th">UStABC Summer Programme Updated.docx (1zC_0c1fz9Zl_5zRAwwaI6yNBmv2Yw2th)</input><br><input type="checkbox" name="1XPbxMIssS2GFZ5XwVeoRGh11qdYX6O1s">UStABC Summer Programme.docx (1XPbxMIssS2GFZ5XwVeoRGh11qdYX6O1s)</input><br><input type="checkbox" name="1dunSpD-1O_hkfJvLp43s91Mv8fu8OAL1ingDvAv8P9c">Skype Meeting Notes - 12th July  (1dunSpD-1O_hkfJvLp43s91Mv8fu8OAL1ingDvAv8P9c)</input><br><input type="checkbox" name="1l-ARkOWJWCdRB2VQkNiD5vk3_dhD9xAG">Meeting Notes (1l-ARkOWJWCdRB2VQkNiD5vk3_dhD9xAG)</input><br><input type="checkbox" name="1AskHmt_uJfLlx2SO8A5_1C-MGktbPckUXTiGCp031oA">Transport Members Sheet 2018-19 (1AskHmt_uJfLlx2SO8A5_1C-MGktbPckUXTiGCp031oA)</input><br><input type="checkbox" name="1vIbTQNhxF0KGeHGnYIfOSHzrfN71OrZgrowrpQIuc68">S19USTAH St Andrews Beginners Applications (1vIbTQNhxF0KGeHGnYIfOSHzrfN71OrZgrowrpQIuc68)</input><br><input type="checkbox" name="17QTeLkKizUn3ZnfxOS5xZ29e07ShQhEZaQIFIMjywPA">ideaQuad _id system - initial thoughts for Research Census (17QTeLkKizUn3ZnfxOS5xZ29e07ShQhEZaQIFIMjywPA)</input><br><br><input type="button" value="Previous Page"><input type="button" value="Next Page"><br><input type="submit" value="Share"></form></body></html>
Sat Aug 31 2019 09:59:01 GMT+0100 (British Summer Time),GOOGLE,Token request,ERROR,Error: No access, refresh token or API key is set.
Sat Aug 31 2019 09:59:04 GMT+0100 (British Summer Time),GOOGLE,Token request,ERROR,Error: No access, refresh token or API key is set.
Sat Aug 31 2019 09:59:18 GMT+0100 (British Summer Time),GOOGLE,Token request,ERROR,Error: No access, refresh token or API key is set.
Sat Aug 31 2019 10:01:17 GMT+0100 (British Summer Time),GOOGLE,Token request,ERROR,Error: No access, refresh token or API key is set.
Sat Aug 31 2019 10:01:27 GMT+0100 (British Summer Time),GOOGLE,Data request,VALID,<!DOCTYPE html><html><head><title>Select Drive Contents To Share</title></head><body><h1>Select Drive Contents To Share</h1><form action="/google/request/update"><input type="checkbox" name="17t3P0rD9sEIODfTD9bh3XkQR_tj7LXRxrOEDrchkEqs">Unpaid debts (17t3P0rD9sEIODfTD9bh3XkQR_tj7LXRxrOEDrchkEqs)</input><br><input type="checkbox" name="1XQO1tPBh7_9VEhg_lJYLBJ8tyQRY34nKksGY6u4CDwo">Meeting Notes - 23rd August 2019 - JH (1XQO1tPBh7_9VEhg_lJYLBJ8tyQRY34nKksGY6u4CDwo)</input><br><input type="checkbox" name="1-6nE-FboMJ5pUqUAuo-_5YPV_TksRlirTjB76Q07bes">Project 24 Challenge (1-6nE-FboMJ5pUqUAuo-_5YPV_TksRlirTjB76Q07bes)</input><br><input type="checkbox" name="1zC_0c1fz9Zl_5zRAwwaI6yNBmv2Yw2th">UStABC Summer Programme Updated.docx (1zC_0c1fz9Zl_5zRAwwaI6yNBmv2Yw2th)</input><br><input type="checkbox" name="1XPbxMIssS2GFZ5XwVeoRGh11qdYX6O1s">UStABC Summer Programme.docx (1XPbxMIssS2GFZ5XwVeoRGh11qdYX6O1s)</input><br><input type="checkbox" name="1dunSpD-1O_hkfJvLp43s91Mv8fu8OAL1ingDvAv8P9c">Skype Meeting Notes - 12th July  (1dunSpD-1O_hkfJvLp43s91Mv8fu8OAL1ingDvAv8P9c)</input><br><input type="checkbox" name="1l-ARkOWJWCdRB2VQkNiD5vk3_dhD9xAG">Meeting Notes (1l-ARkOWJWCdRB2VQkNiD5vk3_dhD9xAG)</input><br><input type="checkbox" name="1AskHmt_uJfLlx2SO8A5_1C-MGktbPckUXTiGCp031oA">Transport Members Sheet 2018-19 (1AskHmt_uJfLlx2SO8A5_1C-MGktbPckUXTiGCp031oA)</input><br><input type="checkbox" name="1vIbTQNhxF0KGeHGnYIfOSHzrfN71OrZgrowrpQIuc68">S19USTAH St Andrews Beginners Applications (1vIbTQNhxF0KGeHGnYIfOSHzrfN71OrZgrowrpQIuc68)</input><br><input type="checkbox" name="17QTeLkKizUn3ZnfxOS5xZ29e07ShQhEZaQIFIMjywPA">ideaQuad _id system - initial thoughts for Research Census (17QTeLkKizUn3ZnfxOS5xZ29e07ShQhEZaQIFIMjywPA)</input><br><br><input type="button" value="Previous Page"><input type="button" value="Next Page"><br><input type="submit" value="Share"></form></body></html>
Sat Aug 31 2019 10:23:24 GMT+0100 (British Summer Time),GOOGLE,Data request,VALID,<!DOCTYPE html><html><head><title>Select Drive Contents To Share</title></head><body><h1>Select Drive Contents To Share</h1><form action="/google/request/update"><input type="checkbox" name="17t3P0rD9sEIODfTD9bh3XkQR_tj7LXRxrOEDrchkEqs">Unpaid debts (17t3P0rD9sEIODfTD9bh3XkQR_tj7LXRxrOEDrchkEqs)</input><br><input type="checkbox" name="1XQO1tPBh7_9VEhg_lJYLBJ8tyQRY34nKksGY6u4CDwo">Meeting Notes - 23rd August 2019 - JH (1XQO1tPBh7_9VEhg_lJYLBJ8tyQRY34nKksGY6u4CDwo)</input><br><input type="checkbox" name="1-6nE-FboMJ5pUqUAuo-_5YPV_TksRlirTjB76Q07bes">Project 24 Challenge (1-6nE-FboMJ5pUqUAuo-_5YPV_TksRlirTjB76Q07bes)</input><br><input type="checkbox" name="1zC_0c1fz9Zl_5zRAwwaI6yNBmv2Yw2th">UStABC Summer Programme Updated.docx (1zC_0c1fz9Zl_5zRAwwaI6yNBmv2Yw2th)</input><br><input type="checkbox" name="1XPbxMIssS2GFZ5XwVeoRGh11qdYX6O1s">UStABC Summer Programme.docx (1XPbxMIssS2GFZ5XwVeoRGh11qdYX6O1s)</input><br><input type="checkbox" name="1dunSpD-1O_hkfJvLp43s91Mv8fu8OAL1ingDvAv8P9c">Skype Meeting Notes - 12th July  (1dunSpD-1O_hkfJvLp43s91Mv8fu8OAL1ingDvAv8P9c)</input><br><input type="checkbox" name="1l-ARkOWJWCdRB2VQkNiD5vk3_dhD9xAG">Meeting Notes (1l-ARkOWJWCdRB2VQkNiD5vk3_dhD9xAG)</input><br><input type="checkbox" name="1AskHmt_uJfLlx2SO8A5_1C-MGktbPckUXTiGCp031oA">Transport Members Sheet 2018-19 (1AskHmt_uJfLlx2SO8A5_1C-MGktbPckUXTiGCp031oA)</input><br><input type="checkbox" name="1vIbTQNhxF0KGeHGnYIfOSHzrfN71OrZgrowrpQIuc68">S19USTAH St Andrews Beginners Applications (1vIbTQNhxF0KGeHGnYIfOSHzrfN71OrZgrowrpQIuc68)</input><br><input type="checkbox" name="17QTeLkKizUn3ZnfxOS5xZ29e07ShQhEZaQIFIMjywPA">ideaQuad _id system - initial thoughts for Research Census (17QTeLkKizUn3ZnfxOS5xZ29e07ShQhEZaQIFIMjywPA)</input><br><br><input type="button" value="Previous Page"><input type="button" value="Next Page"><br><input type="submit" value="Share"></form></body></html>
Sat Aug 31 2019 10:28:50 GMT+0100 (British Summer Time),GOOGLE,Token request,ERROR,Error: No access, refresh token or API key is set.
Sat Aug 31 2019 10:28:57 GMT+0100 (British Summer Time),GOOGLE,Data request,VALID,<!DOCTYPE html><html><head><title>Select Drive Contents To Share</title></head><body><h1>Select Drive Contents To Share</h1><form action="/google/request/update"><input type="checkbox" name="17t3P0rD9sEIODfTD9bh3XkQR_tj7LXRxrOEDrchkEqs">Unpaid debts (17t3P0rD9sEIODfTD9bh3XkQR_tj7LXRxrOEDrchkEqs)</input><br><input type="checkbox" name="1XQO1tPBh7_9VEhg_lJYLBJ8tyQRY34nKksGY6u4CDwo">Meeting Notes - 23rd August 2019 - JH (1XQO1tPBh7_9VEhg_lJYLBJ8tyQRY34nKksGY6u4CDwo)</input><br><input type="checkbox" name="1-6nE-FboMJ5pUqUAuo-_5YPV_TksRlirTjB76Q07bes">Project 24 Challenge (1-6nE-FboMJ5pUqUAuo-_5YPV_TksRlirTjB76Q07bes)</input><br><input type="checkbox" name="1zC_0c1fz9Zl_5zRAwwaI6yNBmv2Yw2th">UStABC Summer Programme Updated.docx (1zC_0c1fz9Zl_5zRAwwaI6yNBmv2Yw2th)</input><br><input type="checkbox" name="1XPbxMIssS2GFZ5XwVeoRGh11qdYX6O1s">UStABC Summer Programme.docx (1XPbxMIssS2GFZ5XwVeoRGh11qdYX6O1s)</input><br><input type="checkbox" name="1dunSpD-1O_hkfJvLp43s91Mv8fu8OAL1ingDvAv8P9c">Skype Meeting Notes - 12th July  (1dunSpD-1O_hkfJvLp43s91Mv8fu8OAL1ingDvAv8P9c)</input><br><input type="checkbox" name="1l-ARkOWJWCdRB2VQkNiD5vk3_dhD9xAG">Meeting Notes (1l-ARkOWJWCdRB2VQkNiD5vk3_dhD9xAG)</input><br><input type="checkbox" name="1AskHmt_uJfLlx2SO8A5_1C-MGktbPckUXTiGCp031oA">Transport Members Sheet 2018-19 (1AskHmt_uJfLlx2SO8A5_1C-MGktbPckUXTiGCp031oA)</input><br><input type="checkbox" name="1vIbTQNhxF0KGeHGnYIfOSHzrfN71OrZgrowrpQIuc68">S19USTAH St Andrews Beginners Applications (1vIbTQNhxF0KGeHGnYIfOSHzrfN71OrZgrowrpQIuc68)</input><br><input type="checkbox" name="17QTeLkKizUn3ZnfxOS5xZ29e07ShQhEZaQIFIMjywPA">ideaQuad _id system - initial thoughts for Research Census (17QTeLkKizUn3ZnfxOS5xZ29e07ShQhEZaQIFIMjywPA)</input><br><br><input type="button" value="Previous Page"><input type="button" value="Next Page"><br><input type="submit" value="Share"></form></body></html>
Sat Aug 31 2019 10:31:41 GMT+0100 (British Summer Time),GOOGLE,Token request,ERROR,Error: No access, refresh token or API key is set.
Sat Aug 31 2019 10:32:18 GMT+0100 (British Summer Time),GOOGLE,Token request,ERROR,Error: No access, refresh token or API key is set.
Sat Aug 31 2019 10:32:28 GMT+0100 (British Summer Time),GOOGLE,Data request,VALID,<!DOCTYPE html><html><head><title>Select Drive Contents To Share</title></head><body><h1>Select Drive Contents To Share</h1><form action="/google/request/update"><input type="checkbox" name="17t3P0rD9sEIODfTD9bh3XkQR_tj7LXRxrOEDrchkEqs">Unpaid debts (17t3P0rD9sEIODfTD9bh3XkQR_tj7LXRxrOEDrchkEqs)</input><br><input type="checkbox" name="1XQO1tPBh7_9VEhg_lJYLBJ8tyQRY34nKksGY6u4CDwo">Meeting Notes - 23rd August 2019 - JH (1XQO1tPBh7_9VEhg_lJYLBJ8tyQRY34nKksGY6u4CDwo)</input><br><input type="checkbox" name="1-6nE-FboMJ5pUqUAuo-_5YPV_TksRlirTjB76Q07bes">Project 24 Challenge (1-6nE-FboMJ5pUqUAuo-_5YPV_TksRlirTjB76Q07bes)</input><br><input type="checkbox" name="1zC_0c1fz9Zl_5zRAwwaI6yNBmv2Yw2th">UStABC Summer Programme Updated.docx (1zC_0c1fz9Zl_5zRAwwaI6yNBmv2Yw2th)</input><br><input type="checkbox" name="1XPbxMIssS2GFZ5XwVeoRGh11qdYX6O1s">UStABC Summer Programme.docx (1XPbxMIssS2GFZ5XwVeoRGh11qdYX6O1s)</input><br><input type="checkbox" name="1dunSpD-1O_hkfJvLp43s91Mv8fu8OAL1ingDvAv8P9c">Skype Meeting Notes - 12th July  (1dunSpD-1O_hkfJvLp43s91Mv8fu8OAL1ingDvAv8P9c)</input><br><input type="checkbox" name="1l-ARkOWJWCdRB2VQkNiD5vk3_dhD9xAG">Meeting Notes (1l-ARkOWJWCdRB2VQkNiD5vk3_dhD9xAG)</input><br><input type="checkbox" name="1AskHmt_uJfLlx2SO8A5_1C-MGktbPckUXTiGCp031oA">Transport Members Sheet 2018-19 (1AskHmt_uJfLlx2SO8A5_1C-MGktbPckUXTiGCp031oA)</input><br><input type="checkbox" name="1vIbTQNhxF0KGeHGnYIfOSHzrfN71OrZgrowrpQIuc68">S19USTAH St Andrews Beginners Applications (1vIbTQNhxF0KGeHGnYIfOSHzrfN71OrZgrowrpQIuc68)</input><br><input type="checkbox" name="17QTeLkKizUn3ZnfxOS5xZ29e07ShQhEZaQIFIMjywPA">ideaQuad _id system - initial thoughts for Research Census (17QTeLkKizUn3ZnfxOS5xZ29e07ShQhEZaQIFIMjywPA)</input><br><br><input type="button" value="Previous Page"><input type="button" value="Next Page"><br><input type="submit" value="Share"></form></body></html>
Sat Aug 31 2019 10:33:52 GMT+0100 (British Summer Time),GOOGLE,Token request,ERROR,Error: No access, refresh token or API key is set.
Sat Aug 31 2019 10:33:58 GMT+0100 (British Summer Time),GOOGLE,Data request,VALID,<!DOCTYPE html><html><head><title>Select Drive Contents To Share</title></head><body><h1>Select Drive Contents To Share</h1><form action="/google/request/update"><input type="checkbox" name="17t3P0rD9sEIODfTD9bh3XkQR_tj7LXRxrOEDrchkEqs">Unpaid debts (17t3P0rD9sEIODfTD9bh3XkQR_tj7LXRxrOEDrchkEqs)</input><br><input type="checkbox" name="1XQO1tPBh7_9VEhg_lJYLBJ8tyQRY34nKksGY6u4CDwo">Meeting Notes - 23rd August 2019 - JH (1XQO1tPBh7_9VEhg_lJYLBJ8tyQRY34nKksGY6u4CDwo)</input><br><input type="checkbox" name="1-6nE-FboMJ5pUqUAuo-_5YPV_TksRlirTjB76Q07bes">Project 24 Challenge (1-6nE-FboMJ5pUqUAuo-_5YPV_TksRlirTjB76Q07bes)</input><br><input type="checkbox" name="1zC_0c1fz9Zl_5zRAwwaI6yNBmv2Yw2th">UStABC Summer Programme Updated.docx (1zC_0c1fz9Zl_5zRAwwaI6yNBmv2Yw2th)</input><br><input type="checkbox" name="1XPbxMIssS2GFZ5XwVeoRGh11qdYX6O1s">UStABC Summer Programme.docx (1XPbxMIssS2GFZ5XwVeoRGh11qdYX6O1s)</input><br><input type="checkbox" name="1dunSpD-1O_hkfJvLp43s91Mv8fu8OAL1ingDvAv8P9c">Skype Meeting Notes - 12th July  (1dunSpD-1O_hkfJvLp43s91Mv8fu8OAL1ingDvAv8P9c)</input><br><input type="checkbox" name="1l-ARkOWJWCdRB2VQkNiD5vk3_dhD9xAG">Meeting Notes (1l-ARkOWJWCdRB2VQkNiD5vk3_dhD9xAG)</input><br><input type="checkbox" name="1AskHmt_uJfLlx2SO8A5_1C-MGktbPckUXTiGCp031oA">Transport Members Sheet 2018-19 (1AskHmt_uJfLlx2SO8A5_1C-MGktbPckUXTiGCp031oA)</input><br><input type="checkbox" name="1vIbTQNhxF0KGeHGnYIfOSHzrfN71OrZgrowrpQIuc68">S19USTAH St Andrews Beginners Applications (1vIbTQNhxF0KGeHGnYIfOSHzrfN71OrZgrowrpQIuc68)</input><br><input type="checkbox" name="17QTeLkKizUn3ZnfxOS5xZ29e07ShQhEZaQIFIMjywPA">ideaQuad _id system - initial thoughts for Research Census (17QTeLkKizUn3ZnfxOS5xZ29e07ShQhEZaQIFIMjywPA)</input><br><br><input type="button" value="Previous Page"><input type="button" value="Next Page"><br><input type="submit" value="Share"></form></body></html>
Sat Aug 31 2019 10:42:58 GMT+0100 (British Summer Time),GOOGLE,Token request,ERROR,Error: No access, refresh token or API key is set.
Sat Aug 31 2019 10:43:11 GMT+0100 (British Summer Time),GOOGLE,Token request,ERROR,Error: No access, refresh token or API key is set.
Sat Aug 31 2019 10:43:18 GMT+0100 (British Summer Time),GOOGLE,Data request,VALID,<!DOCTYPE html><html><head><title>Select Drive Contents To Share</title></head><body><h1>Select Drive Contents To Share</h1><form action="/google/request/update"><input type="checkbox" name="17t3P0rD9sEIODfTD9bh3XkQR_tj7LXRxrOEDrchkEqs">Unpaid debts (17t3P0rD9sEIODfTD9bh3XkQR_tj7LXRxrOEDrchkEqs)</input><br><input type="checkbox" name="1XQO1tPBh7_9VEhg_lJYLBJ8tyQRY34nKksGY6u4CDwo">Meeting Notes - 23rd August 2019 - JH (1XQO1tPBh7_9VEhg_lJYLBJ8tyQRY34nKksGY6u4CDwo)</input><br><input type="checkbox" name="1-6nE-FboMJ5pUqUAuo-_5YPV_TksRlirTjB76Q07bes">Project 24 Challenge (1-6nE-FboMJ5pUqUAuo-_5YPV_TksRlirTjB76Q07bes)</input><br><input type="checkbox" name="1zC_0c1fz9Zl_5zRAwwaI6yNBmv2Yw2th">UStABC Summer Programme Updated.docx (1zC_0c1fz9Zl_5zRAwwaI6yNBmv2Yw2th)</input><br><input type="checkbox" name="1XPbxMIssS2GFZ5XwVeoRGh11qdYX6O1s">UStABC Summer Programme.docx (1XPbxMIssS2GFZ5XwVeoRGh11qdYX6O1s)</input><br><input type="checkbox" name="1dunSpD-1O_hkfJvLp43s91Mv8fu8OAL1ingDvAv8P9c">Skype Meeting Notes - 12th July  (1dunSpD-1O_hkfJvLp43s91Mv8fu8OAL1ingDvAv8P9c)</input><br><input type="checkbox" name="1l-ARkOWJWCdRB2VQkNiD5vk3_dhD9xAG">Meeting Notes (1l-ARkOWJWCdRB2VQkNiD5vk3_dhD9xAG)</input><br><input type="checkbox" name="1AskHmt_uJfLlx2SO8A5_1C-MGktbPckUXTiGCp031oA">Transport Members Sheet 2018-19 (1AskHmt_uJfLlx2SO8A5_1C-MGktbPckUXTiGCp031oA)</input><br><input type="checkbox" name="1vIbTQNhxF0KGeHGnYIfOSHzrfN71OrZgrowrpQIuc68">S19USTAH St Andrews Beginners Applications (1vIbTQNhxF0KGeHGnYIfOSHzrfN71OrZgrowrpQIuc68)</input><br><input type="checkbox" name="17QTeLkKizUn3ZnfxOS5xZ29e07ShQhEZaQIFIMjywPA">ideaQuad _id system - initial thoughts for Research Census (17QTeLkKizUn3ZnfxOS5xZ29e07ShQhEZaQIFIMjywPA)</input><br><br><input type="button" value="Previous Page"><input type="button" value="Next Page"><br><input type="submit" value="Share"></form></body></html>
Sat Aug 31 2019 10:45:34 GMT+0100 (British Summer Time),GOOGLE,Token request,ERROR,Error: No access, refresh token or API key is set.
Sat Aug 31 2019 10:49:22 GMT+0100 (British Summer Time),GOOGLE,Data request,VALID,<!DOCTYPE html><html><head><title>Select Drive Contents To Share</title></head><body><h1>Select Drive Contents To Share</h1><form action="/google/request/update"><input type="checkbox" name="17t3P0rD9sEIODfTD9bh3XkQR_tj7LXRxrOEDrchkEqs">Unpaid debts (17t3P0rD9sEIODfTD9bh3XkQR_tj7LXRxrOEDrchkEqs)</input><br><input type="checkbox" name="1XQO1tPBh7_9VEhg_lJYLBJ8tyQRY34nKksGY6u4CDwo">Meeting Notes - 23rd August 2019 - JH (1XQO1tPBh7_9VEhg_lJYLBJ8tyQRY34nKksGY6u4CDwo)</input><br><input type="checkbox" name="1-6nE-FboMJ5pUqUAuo-_5YPV_TksRlirTjB76Q07bes">Project 24 Challenge (1-6nE-FboMJ5pUqUAuo-_5YPV_TksRlirTjB76Q07bes)</input><br><input type="checkbox" name="1zC_0c1fz9Zl_5zRAwwaI6yNBmv2Yw2th">UStABC Summer Programme Updated.docx (1zC_0c1fz9Zl_5zRAwwaI6yNBmv2Yw2th)</input><br><input type="checkbox" name="1XPbxMIssS2GFZ5XwVeoRGh11qdYX6O1s">UStABC Summer Programme.docx (1XPbxMIssS2GFZ5XwVeoRGh11qdYX6O1s)</input><br><input type="checkbox" name="1dunSpD-1O_hkfJvLp43s91Mv8fu8OAL1ingDvAv8P9c">Skype Meeting Notes - 12th July  (1dunSpD-1O_hkfJvLp43s91Mv8fu8OAL1ingDvAv8P9c)</input><br><input type="checkbox" name="1l-ARkOWJWCdRB2VQkNiD5vk3_dhD9xAG">Meeting Notes (1l-ARkOWJWCdRB2VQkNiD5vk3_dhD9xAG)</input><br><input type="checkbox" name="1AskHmt_uJfLlx2SO8A5_1C-MGktbPckUXTiGCp031oA">Transport Members Sheet 2018-19 (1AskHmt_uJfLlx2SO8A5_1C-MGktbPckUXTiGCp031oA)</input><br><input type="checkbox" name="1vIbTQNhxF0KGeHGnYIfOSHzrfN71OrZgrowrpQIuc68">S19USTAH St Andrews Beginners Applications (1vIbTQNhxF0KGeHGnYIfOSHzrfN71OrZgrowrpQIuc68)</input><br><input type="checkbox" name="17QTeLkKizUn3ZnfxOS5xZ29e07ShQhEZaQIFIMjywPA">ideaQuad _id system - initial thoughts for Research Census (17QTeLkKizUn3ZnfxOS5xZ29e07ShQhEZaQIFIMjywPA)</input><br><br><input type="button" value="Previous Page"><input type="button" value="Next Page"><br><input type="submit" value="Share"></form></body></html>
Sat Aug 31 2019 10:50:22 GMT+0100 (British Summer Time),GOOGLE,Token request,ERROR,Error: No access, refresh token or API key is set.
Sat Aug 31 2019 10:50:31 GMT+0100 (British Summer Time),GOOGLE,Data request,VALID,<!DOCTYPE html><html><head><title>Select Drive Contents To Share</title></head><body><h1>Select Drive Contents To Share</h1><form action="/google/request/update"><input type="checkbox" name="17t3P0rD9sEIODfTD9bh3XkQR_tj7LXRxrOEDrchkEqs">Unpaid debts (17t3P0rD9sEIODfTD9bh3XkQR_tj7LXRxrOEDrchkEqs)</input><br><input type="checkbox" name="1XQO1tPBh7_9VEhg_lJYLBJ8tyQRY34nKksGY6u4CDwo">Meeting Notes - 23rd August 2019 - JH (1XQO1tPBh7_9VEhg_lJYLBJ8tyQRY34nKksGY6u4CDwo)</input><br><input type="checkbox" name="1-6nE-FboMJ5pUqUAuo-_5YPV_TksRlirTjB76Q07bes">Project 24 Challenge (1-6nE-FboMJ5pUqUAuo-_5YPV_TksRlirTjB76Q07bes)</input><br><input type="checkbox" name="1zC_0c1fz9Zl_5zRAwwaI6yNBmv2Yw2th">UStABC Summer Programme Updated.docx (1zC_0c1fz9Zl_5zRAwwaI6yNBmv2Yw2th)</input><br><input type="checkbox" name="1XPbxMIssS2GFZ5XwVeoRGh11qdYX6O1s">UStABC Summer Programme.docx (1XPbxMIssS2GFZ5XwVeoRGh11qdYX6O1s)</input><br><input type="checkbox" name="1dunSpD-1O_hkfJvLp43s91Mv8fu8OAL1ingDvAv8P9c">Skype Meeting Notes - 12th July  (1dunSpD-1O_hkfJvLp43s91Mv8fu8OAL1ingDvAv8P9c)</input><br><input type="checkbox" name="1l-ARkOWJWCdRB2VQkNiD5vk3_dhD9xAG">Meeting Notes (1l-ARkOWJWCdRB2VQkNiD5vk3_dhD9xAG)</input><br><input type="checkbox" name="1AskHmt_uJfLlx2SO8A5_1C-MGktbPckUXTiGCp031oA">Transport Members Sheet 2018-19 (1AskHmt_uJfLlx2SO8A5_1C-MGktbPckUXTiGCp031oA)</input><br><input type="checkbox" name="1vIbTQNhxF0KGeHGnYIfOSHzrfN71OrZgrowrpQIuc68">S19USTAH St Andrews Beginners Applications (1vIbTQNhxF0KGeHGnYIfOSHzrfN71OrZgrowrpQIuc68)</input><br><input type="checkbox" name="17QTeLkKizUn3ZnfxOS5xZ29e07ShQhEZaQIFIMjywPA">ideaQuad _id system - initial thoughts for Research Census (17QTeLkKizUn3ZnfxOS5xZ29e07ShQhEZaQIFIMjywPA)</input><br><br><input type="button" value="Previous Page"><input type="button" value="Next Page"><br><input type="submit" value="Share"></form></body></html>
Sat Aug 31 2019 10:53:12 GMT+0100 (British Summer Time),GOOGLE,Token request,ERROR,Error: No access, refresh token or API key is set.
Sat Aug 31 2019 10:58:25 GMT+0100 (British Summer Time),GOOGLE,Token request,ERROR,Error: No access, refresh token or API key is set.
Sat Aug 31 2019 10:58:31 GMT+0100 (British Summer Time),GOOGLE,Data request,VALID,<!DOCTYPE html><html><head><title>Select Drive Contents To Share</title></head><body><h1>Select Drive Contents To Share</h1><form action="/google/request/update"><input type="checkbox" name="17t3P0rD9sEIODfTD9bh3XkQR_tj7LXRxrOEDrchkEqs">Unpaid debts (17t3P0rD9sEIODfTD9bh3XkQR_tj7LXRxrOEDrchkEqs)</input><br><input type="checkbox" name="1XQO1tPBh7_9VEhg_lJYLBJ8tyQRY34nKksGY6u4CDwo">Meeting Notes - 23rd August 2019 - JH (1XQO1tPBh7_9VEhg_lJYLBJ8tyQRY34nKksGY6u4CDwo)</input><br><input type="checkbox" name="1-6nE-FboMJ5pUqUAuo-_5YPV_TksRlirTjB76Q07bes">Project 24 Challenge (1-6nE-FboMJ5pUqUAuo-_5YPV_TksRlirTjB76Q07bes)</input><br><input type="checkbox" name="1zC_0c1fz9Zl_5zRAwwaI6yNBmv2Yw2th">UStABC Summer Programme Updated.docx (1zC_0c1fz9Zl_5zRAwwaI6yNBmv2Yw2th)</input><br><input type="checkbox" name="1XPbxMIssS2GFZ5XwVeoRGh11qdYX6O1s">UStABC Summer Programme.docx (1XPbxMIssS2GFZ5XwVeoRGh11qdYX6O1s)</input><br><input type="checkbox" name="1dunSpD-1O_hkfJvLp43s91Mv8fu8OAL1ingDvAv8P9c">Skype Meeting Notes - 12th July  (1dunSpD-1O_hkfJvLp43s91Mv8fu8OAL1ingDvAv8P9c)</input><br><input type="checkbox" name="1l-ARkOWJWCdRB2VQkNiD5vk3_dhD9xAG">Meeting Notes (1l-ARkOWJWCdRB2VQkNiD5vk3_dhD9xAG)</input><br><input type="checkbox" name="1AskHmt_uJfLlx2SO8A5_1C-MGktbPckUXTiGCp031oA">Transport Members Sheet 2018-19 (1AskHmt_uJfLlx2SO8A5_1C-MGktbPckUXTiGCp031oA)</input><br><input type="checkbox" name="1vIbTQNhxF0KGeHGnYIfOSHzrfN71OrZgrowrpQIuc68">S19USTAH St Andrews Beginners Applications (1vIbTQNhxF0KGeHGnYIfOSHzrfN71OrZgrowrpQIuc68)</input><br><input type="checkbox" name="17QTeLkKizUn3ZnfxOS5xZ29e07ShQhEZaQIFIMjywPA">ideaQuad _id system - initial thoughts for Research Census (17QTeLkKizUn3ZnfxOS5xZ29e07ShQhEZaQIFIMjywPA)</input><br><br><input type="button" value="Previous Page"><input type="button" value="Next Page"><br><input type="submit" value="Share"></form></body></html>
Sat Aug 31 2019 10:59:39 GMT+0100 (British Summer Time),GOOGLE,Token request,ERROR,Error: No access, refresh token or API key is set.
Sat Aug 31 2019 10:59:49 GMT+0100 (British Summer Time),GOOGLE,Data request,VALID,<!DOCTYPE html><html><head><title>Select Drive Contents To Share</title></head><body><h1>Select Drive Contents To Share</h1><form action="/google/request/update"><input type="checkbox" name="17t3P0rD9sEIODfTD9bh3XkQR_tj7LXRxrOEDrchkEqs">Unpaid debts (17t3P0rD9sEIODfTD9bh3XkQR_tj7LXRxrOEDrchkEqs)</input><br><input type="checkbox" name="1XQO1tPBh7_9VEhg_lJYLBJ8tyQRY34nKksGY6u4CDwo">Meeting Notes - 23rd August 2019 - JH (1XQO1tPBh7_9VEhg_lJYLBJ8tyQRY34nKksGY6u4CDwo)</input><br><input type="checkbox" name="1-6nE-FboMJ5pUqUAuo-_5YPV_TksRlirTjB76Q07bes">Project 24 Challenge (1-6nE-FboMJ5pUqUAuo-_5YPV_TksRlirTjB76Q07bes)</input><br><input type="checkbox" name="1zC_0c1fz9Zl_5zRAwwaI6yNBmv2Yw2th">UStABC Summer Programme Updated.docx (1zC_0c1fz9Zl_5zRAwwaI6yNBmv2Yw2th)</input><br><input type="checkbox" name="1XPbxMIssS2GFZ5XwVeoRGh11qdYX6O1s">UStABC Summer Programme.docx (1XPbxMIssS2GFZ5XwVeoRGh11qdYX6O1s)</input><br><input type="checkbox" name="1dunSpD-1O_hkfJvLp43s91Mv8fu8OAL1ingDvAv8P9c">Skype Meeting Notes - 12th July  (1dunSpD-1O_hkfJvLp43s91Mv8fu8OAL1ingDvAv8P9c)</input><br><input type="checkbox" name="1l-ARkOWJWCdRB2VQkNiD5vk3_dhD9xAG">Meeting Notes (1l-ARkOWJWCdRB2VQkNiD5vk3_dhD9xAG)</input><br><input type="checkbox" name="1AskHmt_uJfLlx2SO8A5_1C-MGktbPckUXTiGCp031oA">Transport Members Sheet 2018-19 (1AskHmt_uJfLlx2SO8A5_1C-MGktbPckUXTiGCp031oA)</input><br><input type="checkbox" name="1vIbTQNhxF0KGeHGnYIfOSHzrfN71OrZgrowrpQIuc68">S19USTAH St Andrews Beginners Applications (1vIbTQNhxF0KGeHGnYIfOSHzrfN71OrZgrowrpQIuc68)</input><br><input type="checkbox" name="17QTeLkKizUn3ZnfxOS5xZ29e07ShQhEZaQIFIMjywPA">ideaQuad _id system - initial thoughts for Research Census (17QTeLkKizUn3ZnfxOS5xZ29e07ShQhEZaQIFIMjywPA)</input><br><br><input type="button" value="Previous Page"><input type="button" value="Next Page"><br><input type="submit" value="Share"></form></body></html>
Sat Aug 31 2019 11:00:56 GMT+0100 (British Summer Time),GOOGLE,Token request,ERROR,Error: No access, refresh token or API key is set.
Sat Aug 31 2019 11:01:05 GMT+0100 (British Summer Time),GOOGLE,Token request,ERROR,Error: No access, refresh token or API key is set.
Sat Aug 31 2019 11:02:05 GMT+0100 (British Summer Time),GOOGLE,Data request,VALID,<!DOCTYPE html><html><head><title>Select Drive Contents To Share</title></head><body><h1>Select Drive Contents To Share</h1><form action="/google/request/update"><input type="checkbox" name="17t3P0rD9sEIODfTD9bh3XkQR_tj7LXRxrOEDrchkEqs">Unpaid debts (17t3P0rD9sEIODfTD9bh3XkQR_tj7LXRxrOEDrchkEqs)</input><br><input type="checkbox" name="1XQO1tPBh7_9VEhg_lJYLBJ8tyQRY34nKksGY6u4CDwo">Meeting Notes - 23rd August 2019 - JH (1XQO1tPBh7_9VEhg_lJYLBJ8tyQRY34nKksGY6u4CDwo)</input><br><input type="checkbox" name="1-6nE-FboMJ5pUqUAuo-_5YPV_TksRlirTjB76Q07bes">Project 24 Challenge (1-6nE-FboMJ5pUqUAuo-_5YPV_TksRlirTjB76Q07bes)</input><br><input type="checkbox" name="1zC_0c1fz9Zl_5zRAwwaI6yNBmv2Yw2th">UStABC Summer Programme Updated.docx (1zC_0c1fz9Zl_5zRAwwaI6yNBmv2Yw2th)</input><br><input type="checkbox" name="1XPbxMIssS2GFZ5XwVeoRGh11qdYX6O1s">UStABC Summer Programme.docx (1XPbxMIssS2GFZ5XwVeoRGh11qdYX6O1s)</input><br><input type="checkbox" name="1dunSpD-1O_hkfJvLp43s91Mv8fu8OAL1ingDvAv8P9c">Skype Meeting Notes - 12th July  (1dunSpD-1O_hkfJvLp43s91Mv8fu8OAL1ingDvAv8P9c)</input><br><input type="checkbox" name="1l-ARkOWJWCdRB2VQkNiD5vk3_dhD9xAG">Meeting Notes (1l-ARkOWJWCdRB2VQkNiD5vk3_dhD9xAG)</input><br><input type="checkbox" name="1AskHmt_uJfLlx2SO8A5_1C-MGktbPckUXTiGCp031oA">Transport Members Sheet 2018-19 (1AskHmt_uJfLlx2SO8A5_1C-MGktbPckUXTiGCp031oA)</input><br><input type="checkbox" name="1vIbTQNhxF0KGeHGnYIfOSHzrfN71OrZgrowrpQIuc68">S19USTAH St Andrews Beginners Applications (1vIbTQNhxF0KGeHGnYIfOSHzrfN71OrZgrowrpQIuc68)</input><br><input type="checkbox" name="17QTeLkKizUn3ZnfxOS5xZ29e07ShQhEZaQIFIMjywPA">ideaQuad _id system - initial thoughts for Research Census (17QTeLkKizUn3ZnfxOS5xZ29e07ShQhEZaQIFIMjywPA)</input><br><br><input type="button" value="Previous Page"><input type="button" value="Next Page"><br><input type="submit" value="Share"></form></body></html>
Sat Aug 31 2019 11:19:27 GMT+0100 (British Summer Time),GOOGLE,Token request,ERROR,Error: No access, refresh token or API key is set.
Sat Aug 31 2019 11:19:35 GMT+0100 (British Summer Time),GOOGLE,Token request,ERROR,Error: No access, refresh token or API key is set.
Sat Aug 31 2019 11:19:45 GMT+0100 (British Summer Time),GOOGLE,Data request,VALID,<!DOCTYPE html><html><head><title>Select Drive Contents To Share</title></head><body><h1>Select Drive Contents To Share</h1><form action="/google/request/update"><input type="checkbox" name="17t3P0rD9sEIODfTD9bh3XkQR_tj7LXRxrOEDrchkEqs">Unpaid debts (17t3P0rD9sEIODfTD9bh3XkQR_tj7LXRxrOEDrchkEqs)</input><br><input type="checkbox" name="1XQO1tPBh7_9VEhg_lJYLBJ8tyQRY34nKksGY6u4CDwo">Meeting Notes - 23rd August 2019 - JH (1XQO1tPBh7_9VEhg_lJYLBJ8tyQRY34nKksGY6u4CDwo)</input><br><input type="checkbox" name="1-6nE-FboMJ5pUqUAuo-_5YPV_TksRlirTjB76Q07bes">Project 24 Challenge (1-6nE-FboMJ5pUqUAuo-_5YPV_TksRlirTjB76Q07bes)</input><br><input type="checkbox" name="1zC_0c1fz9Zl_5zRAwwaI6yNBmv2Yw2th">UStABC Summer Programme Updated.docx (1zC_0c1fz9Zl_5zRAwwaI6yNBmv2Yw2th)</input><br><input type="checkbox" name="1XPbxMIssS2GFZ5XwVeoRGh11qdYX6O1s">UStABC Summer Programme.docx (1XPbxMIssS2GFZ5XwVeoRGh11qdYX6O1s)</input><br><input type="checkbox" name="1dunSpD-1O_hkfJvLp43s91Mv8fu8OAL1ingDvAv8P9c">Skype Meeting Notes - 12th July  (1dunSpD-1O_hkfJvLp43s91Mv8fu8OAL1ingDvAv8P9c)</input><br><input type="checkbox" name="1l-ARkOWJWCdRB2VQkNiD5vk3_dhD9xAG">Meeting Notes (1l-ARkOWJWCdRB2VQkNiD5vk3_dhD9xAG)</input><br><input type="checkbox" name="1AskHmt_uJfLlx2SO8A5_1C-MGktbPckUXTiGCp031oA">Transport Members Sheet 2018-19 (1AskHmt_uJfLlx2SO8A5_1C-MGktbPckUXTiGCp031oA)</input><br><input type="checkbox" name="1vIbTQNhxF0KGeHGnYIfOSHzrfN71OrZgrowrpQIuc68">S19USTAH St Andrews Beginners Applications (1vIbTQNhxF0KGeHGnYIfOSHzrfN71OrZgrowrpQIuc68)</input><br><input type="checkbox" name="17QTeLkKizUn3ZnfxOS5xZ29e07ShQhEZaQIFIMjywPA">ideaQuad _id system - initial thoughts for Research Census (17QTeLkKizUn3ZnfxOS5xZ29e07ShQhEZaQIFIMjywPA)</input><br><br><input type="button" value="Previous Page"><input type="button" value="Next Page"><br><input type="submit" value="Share"></form></body></html>
Sat Aug 31 2019 11:20:51 GMT+0100 (British Summer Time),GOOGLE,Token request,ERROR,Error: No access, refresh token or API key is set.
Sat Aug 31 2019 11:21:02 GMT+0100 (British Summer Time),GOOGLE,Token request,ERROR,Error: No access, refresh token or API key is set.
Sat Aug 31 2019 11:21:08 GMT+0100 (British Summer Time),GOOGLE,Data request,VALID,<!DOCTYPE html><html><head><title>Select Drive Contents To Share</title></head><body><h1>Select Drive Contents To Share</h1><form action="/google/request/update"><input type="checkbox" name="17t3P0rD9sEIODfTD9bh3XkQR_tj7LXRxrOEDrchkEqs">Unpaid debts (17t3P0rD9sEIODfTD9bh3XkQR_tj7LXRxrOEDrchkEqs)</input><br><input type="checkbox" name="1XQO1tPBh7_9VEhg_lJYLBJ8tyQRY34nKksGY6u4CDwo">Meeting Notes - 23rd August 2019 - JH (1XQO1tPBh7_9VEhg_lJYLBJ8tyQRY34nKksGY6u4CDwo)</input><br><input type="checkbox" name="1-6nE-FboMJ5pUqUAuo-_5YPV_TksRlirTjB76Q07bes">Project 24 Challenge (1-6nE-FboMJ5pUqUAuo-_5YPV_TksRlirTjB76Q07bes)</input><br><input type="checkbox" name="1zC_0c1fz9Zl_5zRAwwaI6yNBmv2Yw2th">UStABC Summer Programme Updated.docx (1zC_0c1fz9Zl_5zRAwwaI6yNBmv2Yw2th)</input><br><input type="checkbox" name="1XPbxMIssS2GFZ5XwVeoRGh11qdYX6O1s">UStABC Summer Programme.docx (1XPbxMIssS2GFZ5XwVeoRGh11qdYX6O1s)</input><br><input type="checkbox" name="1dunSpD-1O_hkfJvLp43s91Mv8fu8OAL1ingDvAv8P9c">Skype Meeting Notes - 12th July  (1dunSpD-1O_hkfJvLp43s91Mv8fu8OAL1ingDvAv8P9c)</input><br><input type="checkbox" name="1l-ARkOWJWCdRB2VQkNiD5vk3_dhD9xAG">Meeting Notes (1l-ARkOWJWCdRB2VQkNiD5vk3_dhD9xAG)</input><br><input type="checkbox" name="1AskHmt_uJfLlx2SO8A5_1C-MGktbPckUXTiGCp031oA">Transport Members Sheet 2018-19 (1AskHmt_uJfLlx2SO8A5_1C-MGktbPckUXTiGCp031oA)</input><br><input type="checkbox" name="1vIbTQNhxF0KGeHGnYIfOSHzrfN71OrZgrowrpQIuc68">S19USTAH St Andrews Beginners Applications (1vIbTQNhxF0KGeHGnYIfOSHzrfN71OrZgrowrpQIuc68)</input><br><input type="checkbox" name="17QTeLkKizUn3ZnfxOS5xZ29e07ShQhEZaQIFIMjywPA">ideaQuad _id system - initial thoughts for Research Census (17QTeLkKizUn3ZnfxOS5xZ29e07ShQhEZaQIFIMjywPA)</input><br><br><input type="button" value="Previous Page"><input type="button" value="Next Page"><br><input type="submit" value="Share"></form></body></html>
Sat Aug 31 2019 11:23:07 GMT+0100 (British Summer Time),GOOGLE,Token request,ERROR,Error: No access, refresh token or API key is set.
Sat Aug 31 2019 11:23:22 GMT+0100 (British Summer Time),GOOGLE,Data request,VALID,<!DOCTYPE html><html><head><title>Select Drive Contents To Share</title></head><body><h1>Select Drive Contents To Share</h1><form action="/google/request/update"><input type="checkbox" name="17t3P0rD9sEIODfTD9bh3XkQR_tj7LXRxrOEDrchkEqs">Unpaid debts (17t3P0rD9sEIODfTD9bh3XkQR_tj7LXRxrOEDrchkEqs)</input><br><input type="checkbox" name="1XQO1tPBh7_9VEhg_lJYLBJ8tyQRY34nKksGY6u4CDwo">Meeting Notes - 23rd August 2019 - JH (1XQO1tPBh7_9VEhg_lJYLBJ8tyQRY34nKksGY6u4CDwo)</input><br><input type="checkbox" name="1-6nE-FboMJ5pUqUAuo-_5YPV_TksRlirTjB76Q07bes">Project 24 Challenge (1-6nE-FboMJ5pUqUAuo-_5YPV_TksRlirTjB76Q07bes)</input><br><input type="checkbox" name="1zC_0c1fz9Zl_5zRAwwaI6yNBmv2Yw2th">UStABC Summer Programme Updated.docx (1zC_0c1fz9Zl_5zRAwwaI6yNBmv2Yw2th)</input><br><input type="checkbox" name="1XPbxMIssS2GFZ5XwVeoRGh11qdYX6O1s">UStABC Summer Programme.docx (1XPbxMIssS2GFZ5XwVeoRGh11qdYX6O1s)</input><br><input type="checkbox" name="1dunSpD-1O_hkfJvLp43s91Mv8fu8OAL1ingDvAv8P9c">Skype Meeting Notes - 12th July  (1dunSpD-1O_hkfJvLp43s91Mv8fu8OAL1ingDvAv8P9c)</input><br><input type="checkbox" name="1l-ARkOWJWCdRB2VQkNiD5vk3_dhD9xAG">Meeting Notes (1l-ARkOWJWCdRB2VQkNiD5vk3_dhD9xAG)</input><br><input type="checkbox" name="1AskHmt_uJfLlx2SO8A5_1C-MGktbPckUXTiGCp031oA">Transport Members Sheet 2018-19 (1AskHmt_uJfLlx2SO8A5_1C-MGktbPckUXTiGCp031oA)</input><br><input type="checkbox" name="1vIbTQNhxF0KGeHGnYIfOSHzrfN71OrZgrowrpQIuc68">S19USTAH St Andrews Beginners Applications (1vIbTQNhxF0KGeHGnYIfOSHzrfN71OrZgrowrpQIuc68)</input><br><input type="checkbox" name="17QTeLkKizUn3ZnfxOS5xZ29e07ShQhEZaQIFIMjywPA">ideaQuad _id system - initial thoughts for Research Census (17QTeLkKizUn3ZnfxOS5xZ29e07ShQhEZaQIFIMjywPA)</input><br><br><input type="button" value="Previous Page"><input type="button" value="Next Page"><br><input type="submit" value="Share"></form></body></html>
Sat Aug 31 2019 11:23:36 GMT+0100 (British Summer Time),GOOGLE,Token request,ERROR,Error: No access, refresh token or API key is set.
Sat Aug 31 2019 11:23:49 GMT+0100 (British Summer Time),GOOGLE,Data request,VALID,<!DOCTYPE html><html><head><title>Select Drive Contents To Share</title></head><body><h1>Select Drive Contents To Share</h1><form action="/google/request/update"><input type="checkbox" name="17t3P0rD9sEIODfTD9bh3XkQR_tj7LXRxrOEDrchkEqs">Unpaid debts (17t3P0rD9sEIODfTD9bh3XkQR_tj7LXRxrOEDrchkEqs)</input><br><input type="checkbox" name="1XQO1tPBh7_9VEhg_lJYLBJ8tyQRY34nKksGY6u4CDwo">Meeting Notes - 23rd August 2019 - JH (1XQO1tPBh7_9VEhg_lJYLBJ8tyQRY34nKksGY6u4CDwo)</input><br><input type="checkbox" name="1-6nE-FboMJ5pUqUAuo-_5YPV_TksRlirTjB76Q07bes">Project 24 Challenge (1-6nE-FboMJ5pUqUAuo-_5YPV_TksRlirTjB76Q07bes)</input><br><input type="checkbox" name="1zC_0c1fz9Zl_5zRAwwaI6yNBmv2Yw2th">UStABC Summer Programme Updated.docx (1zC_0c1fz9Zl_5zRAwwaI6yNBmv2Yw2th)</input><br><input type="checkbox" name="1XPbxMIssS2GFZ5XwVeoRGh11qdYX6O1s">UStABC Summer Programme.docx (1XPbxMIssS2GFZ5XwVeoRGh11qdYX6O1s)</input><br><input type="checkbox" name="1dunSpD-1O_hkfJvLp43s91Mv8fu8OAL1ingDvAv8P9c">Skype Meeting Notes - 12th July  (1dunSpD-1O_hkfJvLp43s91Mv8fu8OAL1ingDvAv8P9c)</input><br><input type="checkbox" name="1l-ARkOWJWCdRB2VQkNiD5vk3_dhD9xAG">Meeting Notes (1l-ARkOWJWCdRB2VQkNiD5vk3_dhD9xAG)</input><br><input type="checkbox" name="1AskHmt_uJfLlx2SO8A5_1C-MGktbPckUXTiGCp031oA">Transport Members Sheet 2018-19 (1AskHmt_uJfLlx2SO8A5_1C-MGktbPckUXTiGCp031oA)</input><br><input type="checkbox" name="1vIbTQNhxF0KGeHGnYIfOSHzrfN71OrZgrowrpQIuc68">S19USTAH St Andrews Beginners Applications (1vIbTQNhxF0KGeHGnYIfOSHzrfN71OrZgrowrpQIuc68)</input><br><input type="checkbox" name="17QTeLkKizUn3ZnfxOS5xZ29e07ShQhEZaQIFIMjywPA">ideaQuad _id system - initial thoughts for Research Census (17QTeLkKizUn3ZnfxOS5xZ29e07ShQhEZaQIFIMjywPA)</input><br><br><input type="button" value="Previous Page"><input type="button" value="Next Page"><br><input type="submit" value="Share"></form></body></html>
Sat Aug 31 2019 11:25:11 GMT+0100 (British Summer Time),GOOGLE,Token request,ERROR,Error: No access, refresh token or API key is set.
Sat Aug 31 2019 11:25:22 GMT+0100 (British Summer Time),GOOGLE,Data request,VALID,<!DOCTYPE html><html><head><title>Select Drive Contents To Share</title></head><body><h1>Select Drive Contents To Share</h1><form action="/google/request/update"><input type="checkbox" name="17t3P0rD9sEIODfTD9bh3XkQR_tj7LXRxrOEDrchkEqs">Unpaid debts (17t3P0rD9sEIODfTD9bh3XkQR_tj7LXRxrOEDrchkEqs)</input><br><input type="checkbox" name="1XQO1tPBh7_9VEhg_lJYLBJ8tyQRY34nKksGY6u4CDwo">Meeting Notes - 23rd August 2019 - JH (1XQO1tPBh7_9VEhg_lJYLBJ8tyQRY34nKksGY6u4CDwo)</input><br><input type="checkbox" name="1-6nE-FboMJ5pUqUAuo-_5YPV_TksRlirTjB76Q07bes">Project 24 Challenge (1-6nE-FboMJ5pUqUAuo-_5YPV_TksRlirTjB76Q07bes)</input><br><input type="checkbox" name="1zC_0c1fz9Zl_5zRAwwaI6yNBmv2Yw2th">UStABC Summer Programme Updated.docx (1zC_0c1fz9Zl_5zRAwwaI6yNBmv2Yw2th)</input><br><input type="checkbox" name="1XPbxMIssS2GFZ5XwVeoRGh11qdYX6O1s">UStABC Summer Programme.docx (1XPbxMIssS2GFZ5XwVeoRGh11qdYX6O1s)</input><br><input type="checkbox" name="1dunSpD-1O_hkfJvLp43s91Mv8fu8OAL1ingDvAv8P9c">Skype Meeting Notes - 12th July  (1dunSpD-1O_hkfJvLp43s91Mv8fu8OAL1ingDvAv8P9c)</input><br><input type="checkbox" name="1l-ARkOWJWCdRB2VQkNiD5vk3_dhD9xAG">Meeting Notes (1l-ARkOWJWCdRB2VQkNiD5vk3_dhD9xAG)</input><br><input type="checkbox" name="1AskHmt_uJfLlx2SO8A5_1C-MGktbPckUXTiGCp031oA">Transport Members Sheet 2018-19 (1AskHmt_uJfLlx2SO8A5_1C-MGktbPckUXTiGCp031oA)</input><br><input type="checkbox" name="1vIbTQNhxF0KGeHGnYIfOSHzrfN71OrZgrowrpQIuc68">S19USTAH St Andrews Beginners Applications (1vIbTQNhxF0KGeHGnYIfOSHzrfN71OrZgrowrpQIuc68)</input><br><input type="checkbox" name="17QTeLkKizUn3ZnfxOS5xZ29e07ShQhEZaQIFIMjywPA">ideaQuad _id system - initial thoughts for Research Census (17QTeLkKizUn3ZnfxOS5xZ29e07ShQhEZaQIFIMjywPA)</input><br><br><input type="button" value="Previous Page"><input type="button" value="Next Page"><br><input type="submit" value="Share"></form></body></html>
Sat Aug 31 2019 11:44:01 GMT+0100 (British Summer Time),GOOGLE,Token request,ERROR,Error: No access, refresh token or API key is set.
Sat Aug 31 2019 11:44:08 GMT+0100 (British Summer Time),GOOGLE,Data request,VALID,<!DOCTYPE html><html><head><title>Select Drive Contents To Share</title></head><body><h1>Select Drive Contents To Share</h1><form action="/google/request/update"><input type="checkbox" name="17t3P0rD9sEIODfTD9bh3XkQR_tj7LXRxrOEDrchkEqs">Unpaid debts (17t3P0rD9sEIODfTD9bh3XkQR_tj7LXRxrOEDrchkEqs)</input><br><input type="checkbox" name="1XQO1tPBh7_9VEhg_lJYLBJ8tyQRY34nKksGY6u4CDwo">Meeting Notes - 23rd August 2019 - JH (1XQO1tPBh7_9VEhg_lJYLBJ8tyQRY34nKksGY6u4CDwo)</input><br><input type="checkbox" name="1-6nE-FboMJ5pUqUAuo-_5YPV_TksRlirTjB76Q07bes">Project 24 Challenge (1-6nE-FboMJ5pUqUAuo-_5YPV_TksRlirTjB76Q07bes)</input><br><input type="checkbox" name="1zC_0c1fz9Zl_5zRAwwaI6yNBmv2Yw2th">UStABC Summer Programme Updated.docx (1zC_0c1fz9Zl_5zRAwwaI6yNBmv2Yw2th)</input><br><input type="checkbox" name="1XPbxMIssS2GFZ5XwVeoRGh11qdYX6O1s">UStABC Summer Programme.docx (1XPbxMIssS2GFZ5XwVeoRGh11qdYX6O1s)</input><br><input type="checkbox" name="1dunSpD-1O_hkfJvLp43s91Mv8fu8OAL1ingDvAv8P9c">Skype Meeting Notes - 12th July  (1dunSpD-1O_hkfJvLp43s91Mv8fu8OAL1ingDvAv8P9c)</input><br><input type="checkbox" name="1l-ARkOWJWCdRB2VQkNiD5vk3_dhD9xAG">Meeting Notes (1l-ARkOWJWCdRB2VQkNiD5vk3_dhD9xAG)</input><br><input type="checkbox" name="1AskHmt_uJfLlx2SO8A5_1C-MGktbPckUXTiGCp031oA">Transport Members Sheet 2018-19 (1AskHmt_uJfLlx2SO8A5_1C-MGktbPckUXTiGCp031oA)</input><br><input type="checkbox" name="1vIbTQNhxF0KGeHGnYIfOSHzrfN71OrZgrowrpQIuc68">S19USTAH St Andrews Beginners Applications (1vIbTQNhxF0KGeHGnYIfOSHzrfN71OrZgrowrpQIuc68)</input><br><input type="checkbox" name="17QTeLkKizUn3ZnfxOS5xZ29e07ShQhEZaQIFIMjywPA">ideaQuad _id system - initial thoughts for Research Census (17QTeLkKizUn3ZnfxOS5xZ29e07ShQhEZaQIFIMjywPA)</input><br><br><input type="button" value="Previous Page"><input type="button" value="Next Page"><br><input type="submit" value="Share"></form></body></html>
Tue Sep 03 2019 09:18:28 GMT+0100 (British Summer Time),ORCID,,ERROR,{"response-code":406,"developer-message":"400 Bad Request: There is an issue with your data or the API endpoint. 405 Method Not Allowed: Endpoint and method mismatch. 415 Unsupported Media Type: data must be in XML or JSON format.","user-message":"ORCID could not process the data, because they were invalid.","error-code":9001,"more-info":"https://members.orcid.org/api/resources/troubleshooting"}
Tue Sep 03 2019 09:19:19 GMT+0100 (British Summer Time),ORCID,,ERROR,{"response-code":406,"developer-message":"400 Bad Request: There is an issue with your data or the API endpoint. 405 Method Not Allowed: Endpoint and method mismatch. 415 Unsupported Media Type: data must be in XML or JSON format.","user-message":"ORCID could not process the data, because they were invalid.","error-code":9001,"more-info":"https://members.orcid.org/api/resources/troubleshooting"}
Tue Sep 03 2019 09:19:50 GMT+0100 (British Summer Time),ORCID,0000-0002-8408-4410,VALID,{"orcid-identifier":{"uri":"http://orcid.org/0000-0002-8408-4410","path":"0000-0002-8408-4410","host":"orcid.org"},"preferences":{"locale":"EN"},"history":{"creation-method":"DIRECT","completion-date":null,"submission-date":{"value":1560036872483},"last-modified-date":{"value":1560088358618},"claimed":true,"source":null,"deactivation-date":null,"verified-email":true,"verified-primary-email":true},"person":{"last-modified-date":null,"name":{"created-date":{"value":1560036872483},"last-modified-date":{"value":1560036872709},"given-names":{"value":"Scott"},"family-name":null,"credit-name":null,"source":null,"visibility":"PUBLIC","path":"0000-0002-8408-4410"},"other-names":{"last-modified-date":null,"other-name":[],"path":"/0000-0002-8408-4410/other-names"},"biography":null,"researcher-urls":{"last-modified-date":null,"researcher-url":[],"path":"/0000-0002-8408-4410/researcher-urls"},"emails":{"last-modified-date":null,"email":[],"path":"/0000-0002-8408-4410/email"},"addresses":{"last-modified-date":null,"address":[],"path":"/0000-0002-8408-4410/address"},"keywords":{"last-modified-date":null,"keyword":[],"path":"/0000-0002-8408-4410/keywords"},"external-identifiers":{"last-modified-date":null,"external-identifier":[],"path":"/0000-0002-8408-4410/external-identifiers"},"path":"/0000-0002-8408-4410/person"},"activities-summary":{"last-modified-date":null,"educations":{"last-modified-date":null,"education-summary":[],"path":"/0000-0002-8408-4410/educations"},"employments":{"last-modified-date":null,"employment-summary":[],"path":"/0000-0002-8408-4410/employments"},"fundings":{"last-modified-date":null,"group":[],"path":"/0000-0002-8408-4410/fundings"},"peer-reviews":{"last-modified-date":null,"group":[],"path":"/0000-0002-8408-4410/peer-reviews"},"works":{"last-modified-date":null,"group":[],"path":"/0000-0002-8408-4410/works"},"path":"/0000-0002-8408-4410/activities"},"path":"/0000-0002-8408-4410"}
Tue Sep 03 2019 09:22:50 GMT+0100 (British Summer Time),ORCID,0000-0002-8408-4410,VALID,{"orcid-identifier":{"uri":"http://orcid.org/0000-0002-8408-4410","path":"0000-0002-8408-4410","host":"orcid.org"},"preferences":{"locale":"EN"},"history":{"creation-method":"DIRECT","completion-date":null,"submission-date":{"value":1560036872483},"last-modified-date":{"value":1560088358618},"claimed":true,"source":null,"deactivation-date":null,"verified-email":true,"verified-primary-email":true},"person":{"last-modified-date":null,"name":{"created-date":{"value":1560036872483},"last-modified-date":{"value":1560036872709},"given-names":{"value":"Scott"},"family-name":null,"credit-name":null,"source":null,"visibility":"PUBLIC","path":"0000-0002-8408-4410"},"other-names":{"last-modified-date":null,"other-name":[],"path":"/0000-0002-8408-4410/other-names"},"biography":null,"researcher-urls":{"last-modified-date":null,"researcher-url":[],"path":"/0000-0002-8408-4410/researcher-urls"},"emails":{"last-modified-date":null,"email":[],"path":"/0000-0002-8408-4410/email"},"addresses":{"last-modified-date":null,"address":[],"path":"/0000-0002-8408-4410/address"},"keywords":{"last-modified-date":null,"keyword":[],"path":"/0000-0002-8408-4410/keywords"},"external-identifiers":{"last-modified-date":null,"external-identifier":[],"path":"/0000-0002-8408-4410/external-identifiers"},"path":"/0000-0002-8408-4410/person"},"activities-summary":{"last-modified-date":null,"educations":{"last-modified-date":null,"education-summary":[],"path":"/0000-0002-8408-4410/educations"},"employments":{"last-modified-date":null,"employment-summary":[],"path":"/0000-0002-8408-4410/employments"},"fundings":{"last-modified-date":null,"group":[],"path":"/0000-0002-8408-4410/fundings"},"peer-reviews":{"last-modified-date":null,"group":[],"path":"/0000-0002-8408-4410/peer-reviews"},"works":{"last-modified-date":null,"group":[],"path":"/0000-0002-8408-4410/works"},"path":"/0000-0002-8408-4410/activities"},"path":"/0000-0002-8408-4410"}
Tue Sep 03 2019 09:23:03 GMT+0100 (British Summer Time),ORCID,0000-0002-8408,ERROR,{"response-code":404,"developer-message":"404 Not Found: The resource was not found. Full validation error: ORCID iD 0000-0002-8408 not found","user-message":"The resource was not found.","error-code":9016,"more-info":"https://members.orcid.org/api/resources/troubleshooting"}
Tue Sep 03 2019 09:23:10 GMT+0100 (British Summer Time),ORCID,,ERROR,{"response-code":406,"developer-message":"400 Bad Request: There is an issue with your data or the API endpoint. 405 Method Not Allowed: Endpoint and method mismatch. 415 Unsupported Media Type: data must be in XML or JSON format.","user-message":"ORCID could not process the data, because they were invalid.","error-code":9001,"more-info":"https://members.orcid.org/api/resources/troubleshooting"}
